No,parent_company,start,end,merging_firm,note,name in CIY,name in HB,other note,dummy_merged_by_data_period,matching_type
206,‘C.N.M. ROMLINE’ SHIPPING CO.,1993,1998,NA,Bankrupt in 1996,,,Compania de Navigatie ROMLINE SA ,,
2,A BOTTACCHI SA DE NAVEGACION,1990,1995,NA,Exit(bankrupt?),,,,,
3,A P MOLLER,1990,2006,NA,Ongoing,Maersk,Maersk,,,
495,A&L CF DECEMBER (1) LTD,2003,2006,Santander Banco SA,,,,Shipowner,1,
167,ABBEY NATIONAL PLC,1992,1997,Santander Banco SA,,,,Shipowner,1,
293,ABOITIZ TRANSPORT SYSTEM CORP,1997,2004,NA,Exit since 2011,,,,,
168,ACTINOR SHIPPING ASA,1992,2002,NA,Ongoing,,,Shipowner,,
479,ADANI SHIPPING (CHINA) CO LTD,2002,2006,NA,Ongoing,,,Shipowner,,
607,ADRIA MARITIME SPA,2006,2006,NA,Ongoing,,,Shipowner,,
608,AFRICAN LEADER TRANSPORTS MARI,2006,2006,NA,Ongoing,,,Shipowner,,
207,AKI KAIUN CO LTD (AKI KAIUN KK,1993,2006,NA,Ongoing,,,Shipowner,,
344,ALCYON SHIPPING CO LTD,1998,1998,NA,Ongoing,,,Shipowner,,
565,ALEXANDER & BALDWIN INC,2005,2006,NA,Ongoing,,,Shipowner,,
4,ALFRED C TOEPFER KG SCHIFFAHRT,1990,2006,NA,Dead in 2016,,,Shipowner,,
496,ALLOCEAN LTD,2003,2006,NA,Ongoing,,,Shipowner,,
566,ALLOCEAN MARITIME LTD,2005,2006,NA,Exit,,,Shipowner,,
383,ALON MARITIME CORP,1999,1999,NA,Ongoing,,,Shipowner,,
278,ALPHA SHIP GMBH,1996,2006,NA,Ongoing,,,Shipowner,,
497,ALUNITED MARITIME BUSINESS (PV,2003,2006,NA,Ongoing,,,Shipowner,,
384,AMASUS SHIPPING BV,1999,1999,NA,Ongoing,,,Shipowner,,
609,AMISCO LTD (AMISCO AS),2006,2006,NA,Ongoing,,,Shipowner,,
5,ANDREW WEIR & CO LTD,1990,2006,NA,Ongoing,,,Shipowner,,
567,ANEMOS SHIPPING CO LTD,2005,2006,NA,Exit,,,Shipowner,,
222,ANGLO-EASTERN SHIP MANAGEMENT,1994,2001,NA,Ongoing,,,Shipmanager,,
6,APL LTD,1990,1997,NOL,Subsidiary of CMA-CGM since 2016 (Subsidiary of NOL since 1998),American President Lines,,,1,acquisition
547,ARADOS SHIPPING CO SRL,2004,2006,NA,Ongoing,,,Shipowner,,
498,ARCTIC SHIPPING CO (OAO SK A,2003,2006,NA,Ongoing,,,"Shipowner, successor of North Eastern Department",,
610,ARIES ENERGY CORP,2006,2006,Lemissoler Shipping Group PCL,Founded as subsidiary,,,Shipmanager,1,
385,ARKAS GROUP OF COMPANIES,1999,2006,NA,Dead in 2000,,,Shipowner,,
423,ARKLOW SHIPPING LTD,2000,2004,NA,Dead in 2000,,,Shipowner,,
455,ASP PACIFIC HOLDINGS PTY LTD,2001,2006,NA,Ongoing,,,Shipowner,,
480,ATLANTIC HORIZON GROUP,2002,2006,NA,Ongoing,,,Shipowner,,
294,B NAVI SPA,1997,2006,,,,,,,
611,BALTHELLAS CHARTERING SA,2006,2006,NA,Ongoing,,,Shipowner,,
169,BALTIC SHIPPING CO,1992,1996,NA,Exit since 2003,,,Shipowner,,
295,BALTIMAR A/S LTD,1997,2002,NA,Ongoing,,,Shipowner,,
7,BANK OF AMERICA NATIONAL TRUST,1990,1992,NA,Ongoing,,,Shipowner,,
8,BANK OF SCOTLAND,1990,2000,NA,Ongoing,,,Shipowner,,
568,BARCLAY SHIPPING LTD,2005,2005,BARCLAY SHIPPING,,,,,1,
499,BARCLAYS BANK PLC,2003,2006,NA,Ongoing,,,Shipowner,,
9,BAUM & CO GMBH & CO KG,1990,2006,NA,Exit since 2013,,,Shipowner,,
386,BAYRAKTAR GEMI ISLETMECILIGI,1999,2006,NA,Ongoing,,,Shipowner,,
424,BBC - BURGER BEREEDERUNGS CONT,2000,2000,NA,Dead in 2019,,,,,
500,BBG-BREMER BEREEDERUNGSGESELLS,2003,2006,NA,Ongoing,,,Shipowner,,
612,BD-SHIPSNAVO GMBH & CO REEDERE,2006,2006,NA,Ongoing,,,Shipowner,,
387,BELUGA SHIPPING GMBH,1999,2006,NA,Ongoing,,,Shipowner,,
10,BEN LINE GROUP LTD (WM THOMSON,1990,1992,NA,All ships were sold in 1991,,,,,
11,BERND BECKER KG,1990,2006,NA,Ongoing,,,Shipmanager,,
501,BERNHARD CRAMER SCHIFFAHRTS- U,2003,2006,NA,Ongoing,,,Shipowner,,
388,BERNUTH AGENCIES INC,1999,2006,NA,Exit,,,,,
502,BESLEASING MOBILIARIA-SOCIEDAD,2003,2006,NA,Ongoing,,,Shipowner,,
170,BLACK SEA SHIPPING CO (CHERNO,1992,1999,NA,Ongoing,,,Shipowner,,
279,BOYANG SHIPPING CO LTD,1996,1998,NA,Ongoing,,,Shipowner,,
425,BRIESE SCHIFFAHRTS GMBH & CO K,2000,2006,NA,Ongoing,,,Shipowner,,
280,BRINK & WOLFFEL,1996,2006,NA,Ongoing,,,Shipowner,,
345,BRISE SCHIFFAHRTS GMBH,1998,2006,NA,Ongoing,,,Shipowner,,
613,BROINTERMED LINES LTD,2006,2006,NA,Ongoing,,,Shipowner,,
296,BROVIGS REDERI AS,1997,2003,NA,Dead,,,Shipowner,,
297,BUDISUKMA SDN BHD,1997,2002,Global Carriers Bhd,Subsidiary of Global Carriers Bhd since 2007,,,Shipowner,0,
12,BUGSIER-REEDEREI-UND BERGUNGS-,1990,1996,NA,Exit since 2023,,,Shipowner,,
426,BULLS TANKREDERI A/S,2000,2006,NA,Ongoing,,,Shipowner,,
13,BURMA NAVIGATION CORP,1990,1998,NA,NA,,,,,
171,BUSAN SHIPPING CO LTD,1992,1994,EUROSEAS LTD,Subdidiary of EUROSEAS LTD since 2005,,,Shipowner,1,
14,C& LINE CO LTD,1990,2006,NA,Ongoing,,,Shipowner,,
172,CABOTAGE VENEZOLANO ‘CABOVEN’,1992,1992,NA,Ongoing,,,Shipowner,,
548,CAPABILITY BV,2004,2006,NA,Ongoing,,,Shipowner,,
456,CAPITAL BANK PLC,2001,2006,NA,Ongoing,,,Shipowner,,
427,CARDIFF MARINE INC,2000,2002,NA,Ongoing,,,Shipowner,,
281,CARL F PETERS (GMBH & CO),1996,2004,Frank Eberhardt ,Subsidiary of Frank Eberhardt since 2022,,,Shipowner,0,
481,CARSTEN REHDER SCHIFFSMAKLER U,2002,2006,NA,Ongoing,,,Shipowner,,
346,CENTRAL MARINE KK (CENTRAL MA,1998,2006,NA,Exit,,,Shipowner,,
223,CENTRAL SHIPPING CO. INC.,1994,1999,NA,Ongoing,,,Shipmanager,,
614,CENTRANS OCEAN SHIPPING LOGIST,2006,2006,NA,Ongoing,,,Shipowner,,
549,CEYLINE SHIPPING LTD,2004,2006,NA,Dead in 2015,,,,,
15,CHENG LIE NAVIGATION CO LTD,1990,2006,CMA-CGM,Subsidiary of CMA-CGM since 2007,,,,0,
173,CHINA MERCHANTS STEAM NAVIGATI,1992,1994,China Merchants Group,Subsidiary of China Merchants Group since 1985,,,Shipowner,1,
347,CHINA NATIONAL FOREIGN TRADE,1998,2006,,,,,,,
16,CHINA OCEAN SHIPPING (GROUP) C,1990,2006,NA,Ongoing,Cosco,Cosco,,,
389,CHINA SHIPPING (GROUP) CO,1999,2006,COSCO,Merged by Cosco in 2016,,,,0,
615,CHINA YANTAI SHIPPING CO LTD,2006,2006,NA,Ongoing,,,Shipowner,,
348,CHIOS MARITIME SA,1998,2006,NA,Ongoing,,,Shipowner,,
174,CHIQUITA BRANDS INTERNATIONAL,1992,2006,NA,Ongoing,,,Shipowner,,
298,CHONG FUI SHIPPING & FORWARDIN,1997,1998,NA,Ongoing,,,Shipowner,,
17,CHRISTIAN F AHRENKIEL GMBH & C,1990,2006,NA,Dead in 2018,,,,,
457,CIEL SHIPMANAGEMENT SA,2001,2002,COSTAMARE SHIPPING CO SA,Subsidiary of COSTAMARE SHIPPING CO SA Ltd since 2001,,,Shipmanager,1,
18,CITICORP,1990,1996,NA,Ongoing,,,Shipowner,,
616,CLIPPER GROUP (MANAGEMENT) LTD,2006,2006,NA,Ongoing,,,Shipowner,,
428,CMA CGM HOLDING,2000,2006,NA,Ongoing,,CMA-CGM,CMA-CGM,,
19,COLONIAL MARINE INDUSTRIES INC,1990,1994,NA,Ongoing,,,Shipmanager,,
175,COLUMBIA SHIPMANAGEMENT LTD,1992,2006,Schoeller Holdings Ltd ,Subsidiary of Schoeller Holdings Ltd since 1978,,,Shipmanager,,
503,COMMERCIAL FLEET OF DONBASS LT,2003,2006,NA,Ongoing,,,Shipowner,,
617,COMMERZ REAL FONDS BETEILIGU,2006,2006,NA,Ongoing,,,Shipowner,,
482,COMPAGNIE DE NAVIGATION DU DET,2002,2006,,,,,,,
20,COMPAGNIE GENERALE MARITIME E,1990,2002,CMA-CGM,Merged as CMA-CGM since 1999,Cie Generale Maritime,,,1,
299,COMPAGNIE MARITIME MARFRET,1997,2006,NA,Ongoing,,,Shipowner,,
21,COMPAGNIE MAROCAINE DE NAVIGAT,1990,2006,CMA-CGM,Subsidiary of CMA-CGM since 2007,,,"abbrebiation ""comanav""",0,
176,COMPANIA ISCOMAR SA,1992,1992,NA,Ongoing,,,Shipowner,,
22,COMPANIA MARITIMA,1990,1991,Maersk,Merged by Maersk in 2017(Merged by Hamburg-Sud in 2015),,,,0,
23,COMPANIA SUDAMERICANA DE VAPO,1990,2006,Hapag-Lloyd,Merged by Hapag-Lloyd in 2014,,,CSAV,0,
24,COMPANIA TRASATLANTICA ESPANOL,1990,2004,Naviera del Odiel,Privatized as Naviera del Odiel in 1994,,,,1,
483,CONTAINERSHIPS LTD OY (CONTAIN,2002,2006,NA,Dead in 2006,,,,,
300,CONTAL SHIPPING LTD,1997,2006,NA,Exit,,,,,
349,CONTAZ MARITIME TRANSPORT & TR,1998,2006,NA,Dead in 2009,,,Shipowner,,
177,CONTENEMAR SA,1992,2006,NA,Ongoing,,,Shipowner,,
25,CONTI REEDEREI,1990,2006,NA,Ongoing,,,Shipmanager,,
429,COSMOSHIP MANAGEMENT SA,2000,2006,NA,Ongoing,,,Shipowner,,
504,COSTA CONTAINER LINES SPA,2003,2006,NA,Dead in 2009,,,,,
26,COSTAMARE SHIPPING CO SA,1990,2006,NA,Ongoing,,,Shipowner,,
505,CP SHIPS LTD,2003,2006,Hapag-Lloyd,Subsidiary of Hapag-Lloyd since 2005,,CP Ships,CP Ships,1,acquisition
224,CROWLEY MARITIME CORP,1994,1998,NA,Ongoing,,,Shipowner,,
484,CYPRUS MARITIME CO LTD,2002,2002,CYPRUS SEA LINES SA,Subsidiary of CYPRUS SEA LINES SA since 2001,,,Shipmanager,1,acquisition
506,CYPRUS SEA LINES SA,2003,2003,NA,Ongoing,,,Shipowner,,
225,D EFTHYMIOU SHIPPING SA,1994,1994,NA,Ongoing,,,Shipowner,,
569,D OLTMANN GMBH & CO,2005,2006,NA,Ongoing,,,Shipowner,,
27,D’AMICO SOCIETA DI NAVIGAZIONE,1990,2006,NA,Ongoing,,,,,
507,DALEX SHIPPING CO SA,2003,2006,NA,Ongoing,,,Shipowner,,
570,DALIAN SHIPPING GROUP DALIAN M,2005,2006,NA,Ongoing,,,Shipowner,,
208,DANAOS SHIPPING CO LTD,1993,2006,NA,Ongoing,,,Shipowner,,
618,DANIA MARINE,2006,2006,NA,Ongoing,,,Shipowner,,
28,DANSK INVESTERINGSFOND AF 1JUL,1990,1999,NA,,,,Shipowner,,
301,DANSK SUPERMARKED INVEST A/S,1997,2003,Maersk,Subsidiary of Maersk since 1994,,,Shipmanager,1,acquisition
430,DEHAI MARINE SHIPPING (SINGAPO,2000,2004,Wilton Resources Corp Ltd,Subsidiary of Wilton Resources Corp Ltd since 2003,,,Shipowner,1,
550,DEKAMAR SHIPPING & TRADING CO,2004,2006,NA,Ongoing,,,Shipowner,,
29,DELMAS,1990,2006,CMA-CGM,Subsidiary of CMA-CGM since 2006,,Delmas,,1,acquisition
551,DELPHIS NV,2004,2005,NA,Ongoing,,,Shipowner,,
458,DENAK DEPOCULUK VE NAKLIYECILI,2001,2005,NA,Ongoing,,,Shipmanager,,
571,DIANA SHIPPING INC,2005,2005,NA,Ongoing,,,Shipowner,,
178,DIETRICH TAMKE KG,1992,2006,NA,Ongoing,,,Shipowner,,
252,DIORYX MARITIME CORP,1995,2006,NA,Ongoing,,,Shipowner,,
30,DMK LEASING A/S,1990,2006,NA,Liquidated in 2010,,,Shipowner,,
253,DOLE FOOD CO,1995,2006,NA,Ongoing,,,Shipowner,,
390,DONG JIN SHIPPING CO LTD,1999,2006,NA,Ongoing,,,,,
226,DORIS MARITIME SERVICES SA,1994,2006,NA,Ongoing,,,Shipowner,,
485,DOUN KISEN KK,2002,2006,NA,Ongoing,,,Shipowner,,
619,DR PETERS GMBH & CO KG,2006,2006,NA,Ongoing,,,Shipowner,,
254,DT-BEREEDERUNGS GMBH & CO. KG,1995,2006,NA,ongoing,,,Shipowner,,
31,DYVI AS,1990,1991,NA,Liquidated in 2010,,,Shipowner,,
302,E NOMIKOS CORP,1997,2000,NA,Ongoing,,,Shipowner,,
350,EAGLE MARITIME CO LTD,1998,2006,NA,Ongoing,,,Shipowner,,
255,EASTERN STAR SHIPPING CO LTD,1995,1995,NA,Ongoing,,,Shipowner,,
179,ECHO HILL LTD,1992,1998,NA,Inactive,,,,,
486,EFSHIPPING CO SA PANAMA,2002,2002,NA,Ongoing,,,Shipowner,,
32,EGON OLDENDORFF OHG,1990,1997,NA,Ongoing,,,Shipowner,,
391,EHIME KISEN KK,1999,2006,NA,Ongoing,,,Shipowner,,
487,EICKE SCHIFFAHRTS KG,2002,2006,Eicke Reederei GmbH & Co KG,,,,Shipowner,1,
459,EITZEN GROUP (CAMILLO EITZEN &,2001,2001,Eitzen Holding AS,,,,Shipowner,1,
572,EMARAT MARITIME LLC,2005,2006,NA,Ongoing,,,Shipowner,,
573,EMIRATES TRADING AGENCY LLC,2005,2005,NA,Ongoing,,,Shipowner,,
303,ENTERPRISES SHIPPING & TRADING,1997,2002,NA,Ongoing,,,Shipowner,,
508,ER SCHIFFAHRT GMBH & CIE KG,2003,2003,NA,Dead in 2018,,,Shipowner,,
33,ERIK THUN A/B,1990,1994,NA,Ongoing,,,Shipowner,,
227,ERNST KOMROWSKI REEDEREI KG (G,1994,2006,NA,Ongoing,,,Shipowner,,
180,ERNST RUSS GMBH & CO KG,1992,2006,Ernst Russ AG,,,,Shipowner,1,
304,ERNST-AUGUST VON ALLWORDEN,1997,2006,,,,,,,
509,ERRIA A/S,2003,2006,NA,Ongoing,,,Shipmanager,,
574,ERYX LTD,2005,2006,NA,Ongoing,,,Shipowner,,
552,E-SHIPS INC,2004,2004,NA,Ongoing,,,Shipowner,,
256,ESMERALDA SCHIFFAHRTS- VERWALT,1995,2006,NA,Ongoing,,,Shipowner,,
431,ESSCO (HELLAS) LTD,2000,2002,NA,Ongoing,,,Shipowner,,
392,EURASIA INTERNATIONAL (SINGAPO,1999,1999,NA,Dead in 2008,,,,,
432,EUROBULK LTD,2000,2005,EUROSEAS LTD,Subdidiary of EUROSEAS LTD since 2005,,,,1,acquisition
620,EUROSEAS LTD,2006,2006,NA,Ongoing,,,Shipowner,,
34,EVERGREEN MARINE CORP (TAIWAN),1990,2006,NA,Ongoing,Evergreen,Evergreen,,,
35,F A VINNEN & CO (GMBH & CO KG),1990,2006,NA,Ongoing,,,Shipowner,,
36,F LAEISZ SCHIFFAHRTSGESELLSCHA,1990,2006,NA,Ongoing,,,Shipowner,,
621,FAIR SHIP MANAGEMENT CO LTD,2006,2006,NA,Ongoing,,,Shipowner,,
257,FAIRWEATHER STEAMSHIP CO LTD,1995,2002,NA,Ongoing,,,Shipowner,,
258,FAR EAST ENTERPRISING CO (HK),1995,2005,NA,Ongoing,,,Shipowner,,
37,FAR-EAST TRANSPORT CO LTD,1990,1996,NA,Ongoing,,,Shipowner,,
181,FAR-EASTERN SHIPPING CO (FESC,1992,2006,NA,Ongoing,,FESCO,,,
553,FARGLORY SHIPMANAGEMENT PTE LT,2004,2006,NA,Dead in 2013,,,,,
38,FARRELL LINES INC,1990,2000,Maersk,Subsidiary of Maersk since 2005 (Merged by P&O Nedlloyd in 2000),Farrell Lines,,,1,acquisition
622,FHH FONDS HAUS HAMBURG GESELLS,2006,2006,NA,Dead in 2008,,,,,
510,FLEET MANAGEMENT LTD,2003,2003,NA,Ongoing,,,Shipowner,,
228,FLEET NATIONAL BANK OF CONNECT,1994,2002,NA,Ongoing,,,Shipmanager,,
39,FLENSBURGER SCHIFFSPARTEN-VERE,1990,2000,NA,Ongoing,,,Shipowner,,
229,FLOTA MERCANTE GRANCOLOMBIANA,1994,1996,NA,Ongoing,,,Shipowner,,
259,FLYING LEAF SHIPPING LTD,1995,2006,NA,Ongoing,,,Shipowner,,
554,FORESIGHT LTD,2004,2004,NA,Subsidiary of Foresight Group International,,,Shipowner,,
575,FORMOSA PLASTICS MARINE CORP,2005,2006,NA,Ongoing,,,Shipowner,,
511,FOROOHARI SCHIFFAHRTS KG (REED,2003,2006,NA,Ongoing,,,Shipowner,,
433,FORTUNE GLORY PTE LTD,2000,2006,NA,Ongoing,,,Shipowner,,
230,FRIEDHELM DEDE KG,1994,2006,HS BEREEDERUNGS GMBH & CO KG,,,,Shipowner,1,
231,FUH FUNG NAVIGATION AGENCY LTD,1994,1996,NA,Ongoing,,,Shipowner,,
512,FUJIAN XINAN SHIPPING CO LTD,2003,2006,NA,Ongoing,,,Shipowner,,
305,FUKUJIN KISEN KK,1997,2006,NA,Ongoing,,,Shipowner,,
182,FUKUSEI SANGYO KK,1992,2006,NA,Ongoing,,,Shipowner,,
306,FUYO KAIUN CO LTD,1997,2001,NA,Ongoing,,,Shipowner,,
282,FUYO KAIUN SHIPMANAGEMENT CORP,1996,2005,NA,Ongoing,,,Shipowner,,
40,GATX CORP,1990,1992,NA,Ongoing,,,Shipowner,,
623,GEBAB KONZEPTIONS-UND EMISSION,2006,2006,NA,Ongoing,,,Shipowner,,
555,GEBRUDER AHRENS KG,2004,2006,NA,Inactive,,,Shipowner,,
351,GEFONZO BV,1998,2006,NA,Ongoing,,,Shipowner,,
624,GEMARTRANS SINGAPORE PTE LTD,2006,2006,NA,Inactive,,,,,
576,GENERAL FORWARDING & AGENCY CO,2005,2006,NA,ongoing,,,Shipowner?,,
41,GEORGE A CALLITSIS SUCCESSORS,1990,2006,NA,Ongoing,,,Shipowner,,
260,GERD BARTELS (REEDEREI BARTELS,1995,2006,NA,Ongoing,,,Shipowner,,
352,GERD KOPPELMANN,1998,2006,NA,Ongoing,,,Shipowner,,
42,GERD RITSCHER KG,1990,2006,NA,Ongoing,,,Shipowner,,
513,GHS GLOBAL HANSEATIC SHIPPING,2003,2005,NA,Ongoing,,,Shipmanager,,
353,GLORY SHIP MANAGEMENT PTE LTD,1998,1998,NA,Ongoing,,,Shipowner,,
183,GOLDENPORT SHIPMANAGEMENT LTD,1992,2006,NA,Ongoing,,,Shipowner,,
184,GOVERNMENT OF ROMANIA,1992,1992,NA,Ongoing,,,Government,,
577,GOVERNMENT OF THE DEMOCRATIC,2005,2005,NA,Ongoing,,,Government,,
307,GOVERNMENT OF THE ISLAMIC REP,1997,2003,NA,Ongoing,,,Government,,
261,GOVERNMENT OF THE KINGDOM OF D,1995,2006,NA,Ongoing,,,Government,,
44,GOVERNMENT OF THE PEOPLE’S RE,1990,2006,NA,Ongoing,,,Government,,
45,GOVERNMENT OF THE PEOPLE’S REP,1990,2006,NA,Ongoing,,,Government,,
46,GOVERNMENT OF THE REPUBLIC OF,1990,2006,NA,Ongoing,,,Government,,
161,GOVERNMENT OF THE REPUBLIC OF,1991,2006,NA,Ongoing,,,Government,,
393,GOVERNMENT OF THE SOCIALIST R,1999,2006,NA,Ongoing,,,Government,,
394,GOVERNMENT OF THE STATE OF QAT,1999,2006,NA,Ongoing,,,Government,,
43,GOVERNMENT OF THE UNITED STAT,1990,2006,NA,Ongoing,,,Government,,
395,GRUPO BOLUDA,1999,2006,NA,Dead in 2007,,,,,
209,"GUANGDONG PROVINCE, HONG KONG",1993,1997,NA,Ongoing,,,Government,,
47,H CLARKSON & CO LTD,1990,1994,NA,Ongoing,,,Shipowner,,
625,H SCHEPERS BEREEDERUNGS GMBH &,2006,2006,NA,Ongoing,,,Shipowner,,
396,HABRO HOLDING APS,1999,2006,NA,Ongoing,,,Shipowner,,
162,HAI SUN HUP CO (PTE) LTD,1991,2004,NA,Dead in 2013,,,,,
308,HAKKO MARINE & CORP,1997,1999,NA,Ongoing,,,Shipowner,,
397,HAKUSHIN KISEN CO LTD (HAKUSH,1999,2006,NA,Ongoing,,,Shipowner,,
434,HALIFAX PLC,2000,2006,NA,Dead in 1996,,,,,
435,HALIM MAZMIN GROUP,2000,2006,NA,Ongoing,,,Shipowner,,
309,HALLA MARITIME CORP,1997,1997,NA,Ongoing,,,Shipowner,,
283,HAN IL LEASING CO LTD,1996,2003,NA,Ongoing,,,Shipowner,,
398,HAN SUNG SHIPPING CO LTD,1999,2004,NA,Ongoing,,,Shipowner,,
48,HANJIN SHIPPING CO LTD,1990,2006,NA,Bankrupt in 2016,Hanjin,,,,
185,HANJIN TRANSPORTATION CO LTD,1992,2006,NA,Bankrupt in 2016,Hanjin,Hanjin,,,
578,HANSA HAMBURG SHIPPING INTERNA,2005,2006,NA,Ongoing,,,Shipowner,,
436,HANSA SHIPPING GMBH & CO KG,2000,2005,HANSA TREUHAND SCHIFFSBETEILIG,Subsidiary of HANSA TREUHAND SCHIFFSBETEILIG ,,,Shipmanager,1,
514,HANSA TREUHAND SCHIFFSBETEILIG,2003,2006,NA,Ongoing,,,Shipowner,,
210,HANSE BEREEDERUNGS GMBH,1993,2006,SCHOELLER HOLDINGS LTD,Subsidiary of SCHOELLER HOLDINGS LTD,,,Shipmanager,,
626,HANSE CAPITAL GRUPPE,2006,2006,NA,Ongoing,,,Shipowner,,
515,HANSEATIC LLOYD AG,2003,2006,NA,Ongoing,,,Shipowner,,
49,HAPAG-LLOYD AG,1990,2006,NA,Ongoing,Hapag-Lloyd,,,,
262,HARRY BROHAN,1995,2006,NA,Ongoing,,,Shipowner,,
284,HARTMANN SCHIFFAHRTS GMBH & CO,1996,2006,Hartmann AG,Subsidiary of Hartmann AG since 2007,,,Shipowner,0,
50,HDS AS,1990,1991,NA,Ongoing,,,Shipowner,,
579,HEINZ MOJE KG,2005,2006,NA,Ongoing,,,Shipowner,,
354,HENRY BREUER KG,1998,2006,NA,Ongoing,,,Shipowner,,
51,HERM DAUELSBERG GMBH & CO,1990,2006,NA,Ongoing,,,Shipowner,,
232,HERMANN BUSS GMBH & CIE,1994,2006,NA,Ongoing,,,Shipowner,,
355,HILL SAMUEL GROUP LTD,1998,2006,NA,Ongoing,,,Shipowner,,
356,HINTERLAND CHARTERING SA,1998,1998,CHINA OCEAN SHIPPING (GROUP) C,Subsidiary of COSCO ,Cosco,Cosco,Shipowner,1,
437,HOLWERDA SHIPMANAGEMENT BV,2000,2006,NA,Ongoing,,,Shipowner,,
580,HONGZHOU SHIPPING CO LTD,2005,2006,NA,Ongoing,,,Shipowner,,
438,HORIZON LINES INC,2000,2006,MATSON NAVIGATION CO INC,Subsidiary of MATSON NAVIGATION CO INC,,,Shipowner,1,acquisition
627,HRC SHIPPING LTD,2006,2006,NA,Ongoing,,,Shipowner,,
628,HS BEREEDERUNGS GMBH & CO KG,2006,2006,NA,Ongoing,,,Shipowner,,
516,HSBC BANK PLC,2003,2006,NA,Ongoing,,,Shipowner,,
629,HUBLINE BERHAD,2006,2006,NA,Ongoing,,,Shipowner,,
52,HYUNDAI CORP,1990,2006,NA,Ongoing,,HMM,,,
357,HYUNDAI INTERNATIONAL MERCHANT,1998,2006,NA,Ongoing,,,Shipowner,,
310,IGNAZIO MESSINA & C SPA,1997,2006,NA,Ongoing,,,Shipowner,,
53,IMC SHIPPING CO PTE LTD (IMCSC,1990,1993,IMC Holdings Ltd,,,,Shipowner,1,
54,INDIA STEAMSHIP CO LTD,1990,1997,NA,"Ongoing, SS Shipping",India SS,,,,
517,INTER SHIPPING CO LTD,2003,2006,NA,Ongoing,,,Shipowner,,
630,INTERNATIONAL MARITIME CENTRE,2006,2006,NA,Ongoing,,,Shipowner,,
581,INTERNATIONAL SHIPHOLDING CORP,2005,2006,NA,Ongoing,,,Shipowner,,
358,INTEROCEAN SHIPPING CO LTD,1998,2006,NA,Ongoing,,,Shipowner,,
55,INTERORIENT NAVIGATION CO LTD,1990,2006,NA,Ongoing,,,Shipowner,,
582,INTERSCAN SCHIFFAHRTSGESELLSCH,2005,2006,NA,Ongoing,,,Shipowner,,
583,INTERSEE SCHIFFAHRTS-GESELLSCH,2005,2006,NA,Ongoing,,,Shipowner,,
263,INTERSHIP NAVIGATION CO LTD,1995,1996,Hartmann AG,Subsidiary of Hartmann AG since 2007,,,Shipowner,1,
399,INVESTERINGSGRUPPEN DANMARK A/,1999,2006,NA,Ongoing,,,Shipowner,,
311,IONIAN TANKERSHIPPING MARITIME,1997,1997,NA,Ongoing,,,Shipowner,,
211,IRAN MARINE SERVICES CO,1993,2006,NA,Ongoing,,,Shipowner,,
212,IRISH CONTINENTAL GROUP PLC,1993,1993,NA,Ongoing,,,Shipowner,,
56,ISLAMAR SHIPMANAGEMENT CO LTD,1990,2006,NA,Ongoing,,,Shipowner,,
359,ISLAMIC REPUBLIC OF IRAN SHIPP,1998,2006,NA,Ongoing,IRISL,,,,
360,J P SAMARTZIS MARITIME ENTERP,1998,2006,NA,Ongoing,,,Shipowner,,
57,JADROPLOV INTERNATIONAL MARITI,1990,2006,NA,Ongoing,,,Shipowner,,
58,JAMES FISHER & SONS PLC,1990,1991,NA,Ongoing,,,Shipowner,,
59,JARDINE SHIPPING LTD,1990,2006,NA,Ongoing,,,Shipowner,,
213,JAYA HOLDINGS LTD,1993,2005,NA,Ongoing,,,Shipowner,,
631,JENS & WALLER KG,2006,2006,NA,Ongoing,,,Shipowner,,
632,JIANGSU OCEAN SHIPPING CO LTD,2006,2006,NA,Dead,,,,,
361,JINYU SHIPPING CO LTD (JINYU K,1998,2006,NA,Ongoing,,,Shipowner,,
633,JOHAN SHIPPING SDN BHD,2006,2006,NA,Inactive,,,,,
584,JOHANN M K BLUMENTHAL GMBH & C,2005,2006,NA,Ongoing,,,Shipowner,,
60,JOHN SWIRE & SONS LTD,1990,2006,NA,Ongoing,,,Shipowner,,
61,JOHN T ESSBERGER GMBH & CO KG,1990,2006,NA,Ongoing,,,Shipowner,,
62,JOHS THODE GMBH & CO KG,1990,2006,NA,Ongoing,,,Shipowner,,
400,JOINT STOCK CO. ‘PERSEY’,1999,2006,NA,Ongoing,,,Shipowner,,
214,JOINT STOCK NORTHERN SHIPPING,1993,2005,NA,Ongoing,,,Shipowner,,
186,JOINT-STOCK CO NORTHERN RIVER,1992,1992,NA,Ongoing,,,Shipowner,,
187,JOINT-STOCK VOLGA SHIPPING CO,1992,1992,NA,Dead in 2018,,,,,
460,JR SHIPPING BV,2001,2006,NA,Ongoing,,,Shipowner,,
188,JS NORTH-WESTERN SHIPPING CO,1992,1992,UCL holdings,,,,,,
634,JSC MINING & METALLURGICAL COM,2006,2006,,,,,,,
518,JSM-SHIPPING GMBH & CO KG,2003,2006,KOBE SHIPPING CO LTD,Merged by Kobe Shipping in 2001,,,Shipowner,1,
401,JUHLKE SCHIFFAHRTS GMBH,1999,2006,NA,Ongoing,,,Shipowner,,
312,JUNGERHANS MARITIME SERVICES G,1997,2006,NA,Ongoing,,,Shipowner,,
362,JURGEN OHLE,1998,2006,NA,Ongoing,,,Shipowner,,
313,JUTHA MARITIME PUBLIC CO LTD,1997,2002,NA,Ongoing,,,Shipowner,,
635,K&K SCHIFFAHRTS GMBH & CO KG,2006,2006,NA,Ongoing,,,Shipmanager,,
636,KAALBYE SHIPPING INTERNATIONAL,2006,2006,NA,Ongoing,,,Shipowner,,
189,KAMBANG HOLDING LTD,1992,1992,NA,Ongoing,,,Shipowner,,
63,KAMBARA KISEN CO LTD,1990,1999,NA,Ongoing,,Kambara Kisen,,,
556,KANG LONG SHIPPING CO LTD,2004,2006,NA,Ongoing,,,Shipowner,,
637,KAPITAN JOSEF GERDES SCHIFFAHR,2006,2006,NA,Ongoing,,,Shipowner,,
264,KAPITAN MANFRED DRAXL SCHIFFAH,1995,2006,,,,,,,
233,KASIF KALKAVAN VE ORTAKLARI K,1994,2006,,,,,,,
64,KAWASAKI KISEN KAISHA LTD (KA,1990,2006,Ocean Network Express,Merged as Ocean Network Express since 2016,K-Line,KLINE,,,
65,KDB CAPITAL CO LTD,1990,2006,NA,Ongoing,,,Shipowner,,
314,KEISHIN KAIUN CO LTD,1997,2006,NA,Ongoing,,,Shipowner,,
461,KEIYO KISEN KK,2001,2006,NA,Ongoing,,,Shipowner,,
638,KG ALLGEMEINE LEASING GMBH & C,2006,2006,NA,Dead in 2009,,,,,
66,KG PROJEX-SCHIFFAHRTS GMBH & C,1990,2006,NA,Inactive,,,,,
67,KHATIB TRADING CO,1990,1996,NA,Ongoing,,,Shipowner,,
234,KIEPE-SCHEPERS KG SCHIFFAHRT,1994,2006,NA,Inactive,,,,,
519,KIKU KAIYO KOSAN KK (KIKU OCE,2003,2006,NA,Ongoing,,,Shipowner,,
402,KIN HING SHIPPING & ENTERPRISE,1999,2006,NA,Inactive,,,,,
215,KING OCEAN SERVICES DE VENEZUE,1993,2006,NA,Ongoing,,,Shipmanager,,
520,KIRAN GROUP OF SHIPPING COMPAN,2003,2003,Kiran Holding AS ,Currently Kiran Holding AS ,,,Shipowner,1,
315,KIRMAR DENIZCILIK VE TICARET A,1997,2002,Kiran Holding AS ,Subsidiary of Kiran Holding AS ,,,Shipmanager,1,
235,KLINGENBERG BEREEDERUNGS UND,1994,2005,NA,Ongoing,,,Shipowner,,
68,KNUTSEN OAS SHIPPING AS,1990,2001,NA,Ongoing,Knutsen Line,,,,
216,KOBE SHIPPING CO LTD,1993,2006,NA,Ongoing,,,Shipowner,,
639,KONIG & CIE GMBH & CO KG,2006,2006,Ernst Russ AG,,,,Shipowner,1,
640,KONLINK SHIPPING (S) PTE LTD,2006,2006,NA,Ongoing,,,Shipowner,,
69,KOREA MARINE TRANSPORT CO LTD,1990,2006,NA,Ongoing,,KMTC,,,
439,KOTANI SHIPMANAGEMENT LTD,2000,2000,NA,Ongoing,,,Shipowner,,
363,KOTOKU KAIUN KK (KOTOKU KAIUN,1998,2006,NA,Ongoing,,,Shipowner,,
403,KREY SCHIFFAHRTS GMBH & CO KG,1999,2005,NA,Ongoing,,,Shipowner,,
521,KRISTEN MARINE SA,2003,2004,NA,Ongoing,,,Shipowner,,
316,KRISTIAN GERHARD JEBSEN SKIPSR,1997,1997,NA,Ongoing,,,Shipowner,,
317,KUOK (SINGAPORE) LTD,1997,2006,NA,Ongoing,,,Shipowner,,
190,KYOWA KISEN KK (KYOWA STEAMSH,1992,1997,NA,Liquidated in 2017,,,Shipowner,,
440,L. J. GOTZ K.G.,2000,2006,NA,Ongoing,,,Shipowner,,
191,LATVIAN SHIPPING CO (LATVIJAS,1992,1992,NA,Ongoing,,,,,
585,LEADBETTER SDN BHD,2005,2006,NA,Ongoing,,,Shipowner,,
70,LEONHARDT & BLUMBERG SCHIFFA,1990,2006,NA,Ongoing,,,Shipowner,,
586,LIMARKO SHIPPING CO AB (LSCO),2005,2006,NA,Ongoing,,,Shipmanager,,
285,LINE FAST PTE LTD,1996,1997,NA,Ongoing,,,Shipowner,,
71,LLOYDS TSB GROUP PLC,1990,2006,NA,Dead in 2009,,,,,
72,LOADSTAR SHIPPING CO INC,1990,1991,NA,Ongoing,,,Shipowner,,
404,LOMAR SHIPPING LTD,1999,2004,NA,Ongoing,,,Shipmanager,,
405,LORENTZ STORESUND & SONNER,1999,1999,NA,Ongoing,,,Shipowner,,
265,LORENZO SHIPPING CORP,1995,2006,NA,Ongoing,,,Shipowner,,
641,LUMAR (ODESSA) SA,2006,2006,NA,Ongoing,,,Shipmanager,,
192,"LUND, MOHR & GIAEVER-ENGER AS",1992,1996,NA,Dead in 1997,,,,,
406,M FARUK URKMEZ GROUP OF COMPAN,1999,2003,NA,Ongoing,,,Shipowner,,
642,MAGELLAN CHARTERING SERVICES G,2006,2006,NA,Ongoing,,,Shipowner,,
73,MALAYSIA SHIPPING CORP SDN BHD,1990,2006,NA,Ongoing,,MISC,,,
318,MARCOMAR SHIPPING LINES CYPRUS,1997,1999,NA,Ongoing,,,Shipowner,,
522,MARCONSULT SCHIFFAHRT GMBH & C,2003,2006,NA,Dead in 2021,,,,,
74,MARISCOS HYBUR SA,1990,1997,NA,Ongoing,,,Shipowner,,
75,MARLOW NAVIGATION CO LTD,1990,2006,NA,Ongoing,,,Shipowner,,
462,MARTIME - GESELLSCHAFT FUR MAR,2001,2006,NA,Ongoing,,,Shipowner,,
319,MARU SHIPPING CO INC,1997,2006,NA,Ongoing,,,Shipowner,,
76,MARUBA SCA EMPRESA DE NAVEGAC,1990,2006,NA,Ongoing,,,Shipowner,,
77,MARUBENI CORP,1990,2001,NA,Ongoing,,,Shipowner,,
643,MARUKICHI COMMERCE CO LTD,2006,2006,NA,Ongoing,,,Shipowner,,
407,MARUSAN KAIUN KK,1999,2006,NA,Ongoing,,,Shipowner,,
523,MARYVILLE MARITIME INC,2003,2003,NA,Ongoing,,,Shipowner,,
408,MASUMOTO SHIPPING CO LTD,1999,2006,NA,Ongoing,,,Shipowner,,
78,MATSON NAVIGATION CO INC,1990,2004,NA,Ongoing,Matson,,,,
320,MC SHIPPING INC,1997,2006,NA,Ongoing,,,Shipowner,,
79,MEDITERRANEAN SHIPPING CO SA,1990,2006,NA,Ongoing,MSC,,,,
193,MEDITERRANEAN SHIPPING CO SRL,1992,1992,MEDITERRANEAN SHIPPING CO SA,Subsidiary of MEDITERRANEAN SHIPPING CO SA,,,Shipmanager,1,
441,MEIHO KAIUN KK,2000,2006,NA,Ongoing,,,Shipowner,,
321,MIDOCEAN (IOM) LTD,1997,1997,NA,Dead in 2023,,,,,
442,MIKKAL MYKLEBUSTHAUG REDERI AS,2000,2006,NA,Ongoing,,,Shipowner,,
80,MISC BERHAD,1990,2003,MISC,MISC,MISC,,,1,
322,MITSUBISHI LOGISTICS CORP,1997,2003,NA,Ongoing,,,Shipowner,,
323,MITSUHAMA KISEN KK,1997,2006,NA,Ongoing,,,Shipowner,,
163,MITSUI & CO LTD,1991,1991,NA,Ongoing,,,Shipowner,,
81,MITSUI OSK LINES LTD (MOL),1990,2006,Ocean Network Express,Merged as Ocean Network Express since 2016,,,,,
488,MITSUI WAREHOUSE CO LTD (MITS,2002,2006,NA,Ongoing,,,Shipowner,,
324,MIYAZAKI SANGYO KK,1997,2006,NA,Ongoing,,,Shipowner,,
82,MIZUHO SANGYO CO LTD,1990,2006,NA,Ongoing,,,Shipowner,,
587,MOON KEUNG SHIPPING & TRANSPOR,2005,2006,NA,Ongoing,,,Shipowner,,
644,MOOR MARITIME (JERSEY) LTD,2006,2006,NA,Ongoing,,,Shipowner,,
645,MPC MUNCHMEYER PETERSEN & CO G,2006,2006,NA,Ongoing,,,Shipmanager,,
463,MURAKAMI HIDE SHIPBUILDING CO,2001,2006,NA,Ongoing,,,Shipbuilder,,
83,MUTUALISTA ACOREANA DE TRANSPO,1990,2002,NA,Ongoing,,,,,
646,MYKLEBUSTHAUG MANAGEMENT AS,2006,2006,NA,Ongoing,,,Shipmanager,,
160,NA,1990,2006,,,,,,,
286,NAGASHIKI SHIPPING CO LTD (NAG,1996,2006,NA,Ongoing,,,Shipowner,,
236,NAM SUNG SHIPPING CO LTD,1994,2006,NA,Ongoing,,,,,
84,NANTAI LINE CO LTD,1990,1998,NA,Ongoing,,,Shipowner,,
524,NARU SHIPPING & MANAGEMENT CO,2003,2006,NA,Dead in 2009,,,,,
364,NATIONAL AUSTRALIA BANK LTD,1998,2006,NA,Ongoing,,,Shipowner,,
194,NATIONAL MARINE SERVICES CO,1992,1996,NA,Ongoing,,,Shipowner,,
443,NATIONAL NAVIGATION CO,2000,2006,NA,Ongoing,,,Shipowner,,
525,NAVALMAR (UK) LTD,2003,2006,NA,Ongoing,,,Shipowner,,
85,NAVIERA PINILLOS SA,1990,1998,NA,Dead in 2008,,,,,
86,NEGROS NAVIGATION CO INC,1990,2006,NA,Ongoing,,,Shipowner,,
87,NEPTUNE ORIENT LINES LTD (NOL),1990,2006,CMA-CGM,Subsidiary of CMA-CGM since 2016,,,,0,
526,NEPTUNE SHIPPING AGENCY LTD,2003,2006,NA,Dead in 2007,,,,,
325,NEPTUNIA COMPANHIA DE NAVEGACA,1997,2006,NA,ongoing,,,Shipowner,,
588,NEW ASIAN SHIPPING CO LTD,2005,2005,NA,Dead in 2015,,,,,
237,NEW WORLD SHIPPING CO NV,1994,2002,ERNST KOMROWSKI REEDEREI KG (G,Subsidiary of ERNST KOMROWSKI REEDEREI KG (G,,,Shipmanager,1,
647,NIKI SHIPPING CO INC,2006,2006,NA,Ongoing,,,Shipowner,,
444,NIMMRICH & PRAHM BEREEDERUNG G,2000,2001,NA,Ongoing,,,Shipmanager,,
648,NINGBO MARINE (GROUP) CO LTD (,2006,2006,NA,Ongoing,,,Shipowner,,
88,NIPPON KAIUN KK (NIPPON SHIPP,1990,2000,NA,Ongoing,,,Shipowner,,
89,NIPPON MARINE CO LTD (NIPPON,1990,2006,NA,Ongoing,,,Shipowner,,
527,NIPPON STEEL SHIPPING CO LTD,2003,2005,Shinwa Kaiun ,Merged by Shinwa Kaiun,,,Shipowner,,
90,NIPPON YUSEN KAISHA (NYK LINE),1990,2006,Ocean Network Express,Merged as Ocean Network Express since 2016,,,,,
164,NISSEN KAIUN CO LTD (NISSEN KA,1991,2006,NA,Ongoing,,,Shipowner,,
195,NISSHIN SHIPPING CO LTD (NISS,1992,2001,NA,Ongoing,,,Shipowner,,
91,NITTA KISEN KAISHA LTD,1990,2006,NA,Ongoing,,,Shipowner,,
464,NORDCAPITAL HOLDING GMBH & CIE,2001,2006,NA,Dead in 2009,,,,,
445,NORDDEUTSCHE REEDEREI H SCHULD,2000,2000,NA,Dead in 2019,,,,,
465,NORDDEUTSCHE VERMOGENSANLAGE G,2001,2006,NA,Ongoing,,,Shipowner,,
557,NORDSTRAND MARITIME & TRADING,2004,2006,NA,Dead in 2015,,,,,
92,NORSE MANAGEMENT CO (PTE) LTD,1990,2006,NA,Inactive,,,,,
93,NSB NIEDERELBE SCHIFFAHRTSGES,1990,2006,NA,Ongoing,,,Shipowner,,
589,NSC SCHIFFAHRTS MBH & CIE KG,2005,2006,NA,Ongoing,,,Shipmanager,,
94,NV CMB SA,1990,2006,NA,Ongoing,,,"Shipowner, Formarly Compagnie Maritime Belge",,
409,O T TONNEVOLD AS,1999,2006,NA,Ongoing,,,Shipowner,,
165,OAK MARITIME (CANADA) INC,1991,1992,NA,Ongoing,,,Shipowner,,
196,OAO ‘SOVCOMFLOT’,1992,2006,SOVCOMFLOT,Ongoing,,,,,
365,OCEANBULK MARITIME SA,1998,2002,NA,Ongoing,,,Shipowner,,
590,OCEANEX INC,2005,2006,NA,Ongoing,,,Shipowner,,
266,OCEANIC MARITIME LTD,1995,2006,NA,Ongoing,,,Shipowner,,
366,ODVAR OLSEN,1998,2001,NA,Ongoing,,,Shipowner,,
95,OFER BROTHERS (HOLDINGS) LTD,1990,2006,NA,Dead in 2012,,,,,
96,OK SHIPPING PTE LTD,1990,1992,NA,Ongoing,,,Shipowner,,
287,OKEANRYBFLOT JOINT STOCK CO (,1996,1996,NA,Ongoing,,,Shipowner,,
267,OKOUCHI KAIUN KK (OKOCHI KAIUN,1995,2006,NA,Ongoing,,,Shipowner,,
97,OLDENBURG-PORTUGIESISCHE DAM,1990,1997,NA,Dead in 2018,,,,,
197,OOST ATLANTIC LIJN BV,1992,2001,ATLANTIC HORIZON GROUP,Subsidiary of ATLANTIC HORIZON GROUP,,,Shipmanager,1,acquisition
98,ORIENT EXPRESS LINES INC,1990,2006,NA,Ongoing,,,Shipmanager,,
528,ORIENT INTERNATIONAL (HOLDING),2003,2006,NA,Dead in 2007,,,,,
326,ORIENT MARINE CO LTD (TOYO SEN,1997,1999,NA,Ongoing,,,Shipowner,,
99,ORIENT OVERSEAS INTERNATIONAL,1990,2006,Cosco,Subsidiary of COSCO since 2018,OOCL,,,0,
100,OSAKA ASAHI KAIUN KK (OSAKA A,1990,2006,NA,Ongoing,,,Shipowner,,
198,OSKAR WEHR KG (GMBH & CO),1992,2006,NA,Ongoing,,,Shipowner,,
649,OWNERSHIP EMISSIONSHAUS GMBH,2006,2006,NA,Ongoing,,,Shipowner,,
101,PACIFIC INTERNATIONAL LINES (P,1990,2006,NA,Ongoing,,,,,
327,PACIFIC SHIP MANAGEMENT CO LTD,1997,1997,NA,Ongoing,,,Shipmanager,,
102,PAN CONTINENTAL SHIPPING CO LT,1990,2006,NA,Ongoing,,,,,
217,PAN NAUTIC SA,1993,1996,NA,Ongoing,,,Shipowner,,
466,PANCON SHIPPING & MARINE SERVI,2001,2006,NA,Ongoing,,,Shipowner,,
328,PAN-UNITED SHIPPING (PTE) LTD,1997,2006,NA,Ongoing,,,Shipowner,,
199,PARAKOU SHIPPING LTD,1992,2002,NA,Ongoing,,,Shipowner,,
591,PASSAT SCHIFFAHRTS GMBH & CO K,2005,2006,NA,Ongoing,,,Shipowner,,
329,PEARL DELTA SHIPPING CO LTD,1997,2006,NA,Inactive,,,,,
529,PERKAPALAN DAI ZHUN SDN BHD (,2003,2006,NA,Ongoing,,,Shipmanager,,
103,PETER DOEHLE SCHIFFAHRTS-KG,1990,2006,NA,Ongoing,,,Shipowner,,
367,PETRONAS (PETROLEUM NASIONAL B,1998,2006,NA,Ongoing,,,Shipowner,,
650,PHOENIX REEDEREI BEREEDERUNGS,2006,2006,NA,Ongoing,,,Shipowner,,
558,PLATINUM CONTAINER LINES CO LT,2004,2006,NA,Ongoing,,,,,
330,POHL SHIPPING SCHIFFAHRTSGESEL,1997,2006,NA,Dead in 2006,,,,,
651,POLARIS SHIPMANAGEMENT CO LTD,2006,2006,NA,Ongoing,,,Shipmanager,,
104,POLISH OCEAN LINES (POLSKIE L,1990,1992,NA,Ongoing,,,Shipowner,,
592,PORTLINE - TRANSPORTES MARITIM,2005,2006,NA,Ongoing,,,Shipowner,,
368,PRIMA SHIPMANAGEMENT SDN BHD,1998,1999,HALIM MAZMIN GROUP,Subsidiary of HALIM MAZMIN GROUP,,,Shipmanager,1,acquisition
238,PROJECT SHIPPING INC,1994,1995,NA,Ongoing,,,Shipowner,,
105,PT DJAKARTA LLOYD (PERSERO),1990,2006,NA,Ongoing,,,Shipowner,,
106,PT JAYAKUSUMA PERDANA LINES,1990,2006,NA,Ongoing,,,,,
652,PT PANN MULTI FINANCE (PERSERO,2006,2006,NA,Dead in 2004,,,,,
653,PT PELAYARAN CARAKA TIRTA PERK,2006,2006,NA,Ongoing,,,Shipowner,,
410,PT PELAYARAN LAUT BARU,1999,2006,NA,Ongoing,,,Shipowner,,
559,PT PELAYARAN MERATUS (MERATUS,2004,2006,NA,Ongoing,,,Shipowner,,
446,PT PELAYARAN NUSANTARA SALAM,2000,2006,,,,,,,
654,PT PELAYARAN SINAR SANJAYA ABA,2006,2006,NA,Ongoing,,,Shipowner,,
530,PT PELAYARAN TIRTAMAS EXPRESS,2003,2005,NA,Dead in 2019,,,Shipowner,,
107,PT PERUSAHAAN PELAYARAN ’SAMU,1990,2006,NA,Ongoing,,,"Shipowner, PT PERUSAHAAN PELAYRAN SAMUDER?",,
108,PT PERUSAHAAN PELAYARAN SAMUDE,1990,1994,NA,Ongoing,,,"Shipowner, PT PERUSAHAAN PELAYRAN SAMUDER?",,
467,PT PERUSAHAAN PELAYRAN SAMUDER,2001,2004,NA,Ongoing,,,Shipowner,,
593,PT SENTOSA OCEAN LINE,2005,2006,NA,Ongoing,,,Shipowner,,
109,PT TANTO INTIM LINE,1990,2006,NA,Ongoing,,,Shipowner,,
531,PT TARUNA CIPTA KENCANA,2003,2006,NA,Ongoing,,,Shipowner,,
110,PT TEMPURAN EMAS TBK,1990,2006,NA,Ongoing,,,Shipowner,,
532,PUSAKA LAUT PTE LTD,2003,2004,NA,Ongoing,,,Shipowner,,
369,QUADRANT BEREEDERUNGS GMBH & C,1998,2005,NA,Ongoing,,,Shipmanager,,
288,RAINER FRED AUGUST DREVIN,1996,2006,NA,ongoing,,,Shipowner,,
331,RASS SCHIFFAHRT GMBH & CO,1997,2006,NA,Ongoing,,,Shipmanager,,
111,RCL SHIPMANAGEMENT PTE LTD,1990,1992,RCL,Subsidiary of RCL,,RCL,Shipmanager,,
112,REA SHIPPING AGENCY CO SA,1990,1991,NA,Ongoing,,,Shipowner,,
489,RED RIVER CARRIERS INC,2002,2006,NA,Ongoing,,,Shipowner,,
289,REDERIET STENERSEN AS,1996,2000,NA,Ongoing,,,Shipowner,,
113,REEDEREI ‘NORD’ KLAUS E OLDEND,1990,2006,NA,Dead in 2011,,,,,
468,REEDEREI ALNWICK HARMSTORF & C,2001,2006,NA,Dead in 2010,,,,,
655,REEDEREI ANDRE WIECZOREK,2006,2006,NA,Ongoing,,,Shipowner,,
332,REEDEREI BERND SIBUM GMBH & CO,1997,2006,NA,Ongoing,,,Shipowner,,
114,REEDEREI CLAUS-PETER OFFEN GMB,1990,2006,NA,Ongoing,,,Shipowner,,
333,REEDEREI EHLER,1997,2006,NA,Ongoing,,,Shipowner,,
115,REEDEREI GEBR WINTER GMBH & CO,1990,2006,NA,Inactive,,,,,
116,REEDEREI H - P WEGENER,1990,2006,NA,Ongoing,,,Shipowner,,
370,REEDEREI HANS HEINRICH KG,1998,2006,NA,Ongoing,,,Shipmanager,,
334,REEDEREI HEINO WINTER KG,1997,2006,NA,Ongoing,,,Shipowner,,
470,REEDEREI HEINZ CORLEIS KG,2001,2006,NA,Ongoing,,,Shipowner,,
469,REEDEREI HEINZ-GEORG VOGE KG,2001,2006,NA,ongoing,,,Shipowner,,
117,REEDEREI HERMANN WULFF,1990,2006,NA,Ongoing,,,Shipowner,,
290,REEDEREI HINSCH,1996,2006,NA,Ongoing,,,Shipowner,,
447,REEDEREI HORST ZEPPENFELD GMBH,2000,2006,NA,Ongoing,,,Shipowner,,
335,REEDEREI JORG KOPPING,1997,2006,NA,Ongoing,,,Shipowner,,
656,REEDEREI KARL SCHLUTER GMBH &,2006,2006,NORDDEUTSCHE VERMOGENSANLAGE G,Subsidiary of NORDDEUTSCHE VERMOGENSANLAGE G,,,Shipowner,,
411,REEDEREI M LAUTERJUNG GMBH,1999,2006,NA,Dead in 2015,,,,,
560,REEDEREI NAVYLLOYD AG,2004,2006,NA,Ongoing,,,Shipowner,,
336,REEDEREI RUDOLF SCHEPERS GMBH,1997,2006,NA,Ongoing,,,Shipowner,,
268,REEDEREI RUDOLF SCHEPERS KG,1995,2006,REEDEREI RUDOLF SCHEPERS GMBH,Ongoing,,,"Shipowner, REEDEREI RUDOLF SCHEPERS GMBH",,
269,REEDEREI SPECK GBR,1995,1996,NA,Ongoing,,,Shipowner,,
448,REEDEREI STEFAN PATJENS GMBH &,2000,2006,NA,Dead in 2006,,,,,
412,REEDEREI THEKLA SCHEPERS GMBH,1999,2006,NA,Ongoing,,,Shipowner,,
371,REEDEREI THOMAS SCHULTE GMBH &,1998,2006,NA,ongoing,,,Shipowner,,
594,REEDEREIGRUPPE FREESE,2005,2006,NA,Dead in 2014,,,,,
118,REEFER & GENERAL SHIP-MANAGEME,1990,1998,NA,Ongoing,,,Shipowner,,
119,REGIONAL CONTAINER LINES PUBLI,1990,2006,NA,Ongoing,,RCL,,,
595,REITAKU KAIUN KK,2005,2005,NA,Ongoing,,,Shipowner,,
471,RETTIG GROUP LTD BORE (OY RETT,2001,2004,NA,Ongoing,,,Shipowner,,
291,"RHEIN-, MAAS- UND SEE-SCHIFFAH",1996,2001,NA,Ongoing,,,Shipowner,,
270,RICHFIELD MARINE AGENCIES (S),1995,2004,NA,Ongoing,,,Shipowner,,
120,RICKMERS REEDEREI GMBH & CIE K,1990,2006,NA,Bankrupt in 2017,,,,,
490,RIMORCHIATORI RIUNITI SPA,2002,2004,NA,Ongoing,,,Shipowner,,
200,RIO GRANDE CO LTD,1992,1992,NA,Ongoing,,,Shipowner,,
201,ROHDEN BEREEDERUNG GMBH & CO K,1992,2006,NA,Ongoing,,,Shipowner,,
533,ROSWELL NAVIGATION CORP,2003,2006,NA,Ongoing,,,Shipowner,,
121,ROYAL P&O NEDLLOYD NV (KONINKL,1990,2006,Maersk,Subsidiary of Maersk since 2005,,,,1,merger
122,RUDOLF A OETKER,1990,2006,NA,Ongoing,,,Shipowner,,
413,RUDOLF SCHONING GMBH,1999,2006,NA,Ongoing,,,Shipowner,,
596,SALAM INTERNATIONAL TRANSPORT,2005,2005,NA,Ongoing,,,Shipowner,,
657,SALAMON AG,2006,2006,NA,Ongoing,,,Shipowner,,
372,SAMSKIP HF,1998,2006,NA,Ongoing,,,Shipowner,,
658,SANDFRAKT REDERI AS,2006,2006,NA,Dead in 2013,,,,,
597,SANDIGAN SHIP SERVICES INC,2005,2006,NA,Ongoing,,,Shipowner,,
449,SANKYO COMMERCIAL CO LTD (SAN,2000,2006,NA,Ongoing,,,Shipowner,,
598,SCHEEPVAARTONDERNEMING ’GRETIN,2005,2006,NA,Ongoing,,,Shipowner,,
123,SCHIFFAHRTSGESELLSCHAFT OLTMA,1990,2006,NA,Ongoing,,,Shipowner,,
534,SCHIFFAHRTSGESELLSCHAFT WOLFGA,2003,2006,NA,Ongoing,,,Shipowner,,
124,SCHIFFAHRTSKONTOR RENDSBURG GM,1990,2006,NA,Ongoing,,,Shipowner,,
239,SCHIFFAHRTSKONTOR TOM WORDEN G,1994,2006,NA,Ongoing,,,Shipowner,,
218,SCHLUSSEL REEDEREI KG (GMBH &,1993,2006,NA,Ongoing,,,Shipowner,,
561,SCHOELLER HOLDINGS LTD,2004,2006,NA,Ongoing,,,Shipowner,,
599,SCOTT SHIPPING MANAGEMENT LTD,2005,2006,NA,Ongoing,,,Shipowner,,
562,SEA CONSORTIUM PTE LTD,2004,2006,X-Press Feeders,Ongoing,,X-Press Feeders,same company as X-Press Feeders,,
125,SEA CONTAINERS LTD,1990,1995,NA,Ongoing,,,Shipowner,,
535,SEABON HOLDING CORP,2003,2006,NA,Ongoing,,,Shipowner,,
240,SEAFARERS SHIPPING INC,1994,2006,NA,Ongoing,,,Shipowner,,
659,SEAGATE MARINE SRL,2006,2006,NA,Ongoing,,,Shipowner,,
472,SEALIFT INC,2001,2006,NA,Ongoing,,,Shipowner,,
536,SEASPAN INTERNATIONAL LTD,2003,2006,NA,Ongoing,,,Shipowner,,
202,SEATRANS SHIPPING SARL,1992,2006,NA,Ongoing,,,Shipowner,,
203,SECIL MARITIMA UEE,1992,2001,NA,Ongoing,,,Shipowner,,
126,SEKIHYO LINE LTD,1990,1992,NA,Ongoing,,,Shipowner,,
127,SEMBCORP MARINE LTD,1990,1996,NA,Ongoing,,,Shipowner,,
128,SENO KISEN KK (SENO KISEN CO L,1990,1998,NA,Ongoing,,,Shipowner,,
337,SETOUCHI ENTERPRISE CO LTD,1997,2006,NA,Ongoing,,,Shipowner,,
129,SETOUCHI MARINE CO LTD,1990,1991,NA,Ongoing,,,Shipowner,,
537,SETRAMAR NAVIGAZIONE SPA,2003,2005,NA,Ongoing,,,Shipmanager,,
538,SETSUYO KISEN CO LTD,2003,2006,NA,Ongoing,,,Shipowner,,
130,SHANGHAI JINJIANG SHIPPING COR,1990,1991,NA,Ongoing,,,,,
539,SHIH WEI NAVIGATION CO LTD,2003,2006,NA,Ongoing,,,Shipowner,,
271,SHIKISHIMA KISEN KK,1995,2006,NA,Ongoing,,,Shipowner,,
540,SHINHAN LEASING CO LTD,2003,2006,NA,Ongoing,,,Shipmanager,,
272,SHINKO MARINE INDUSTRIES LTD,1995,2006,NA,Ongoing,,,Shipowner,,
131,SHINKO MARITIME CO LTD,1990,2003,NA,Ongoing,,,Shipowner,,
273,SHINWA KAIUN KK (SHINWA KAIUN,1995,1996,NS United,Merged as NS United in 2010,,,,,
600,SHIP FINANCE INTERNATIONAL LTD,2005,2006,NA,Dead in 2019,,,,,
660,SHIP INVEST EMISSIONSHAUS AG,2006,2006,NA,Ongoing,,,Shipowner,,
132,SHOEI KISEN KAISHA LTD,1990,2006,NA,Ongoing,,,Shipowner,,
133,SHUNZAN KAIUN KK (SHUNZAN KAI,1990,2006,NA,Ongoing,,,Shipowner,,
373,SIGMA MARINE LTD,1998,1998,NA,Ongoing,,,Shipowner,,
374,SIMATECH SHIPPING & FORWARDING,1998,2006,NA,Ongoing,,,Shipowner,,
375,SINGA STAR PTE LTD,1998,2006,NA,Ongoing,,,Shipowner,,
414,SINGAPORE SOVIET SHIPPING CO,1999,2000,NA,Ongoing,,,Shipowner,,
450,SINOKOR MERCHANT MARINE CO LTD,2000,2006,NA,Ongoing,,,,,
134,SINOTRANS SHIPPING LTD (HONG K,1990,2002,NA,Ongoing,,,,,
661,SKIPS AS ALEXANDRA,2006,2006,,,,,,,
338,SOCIETE GENERALE SA,1997,2006,NA,Ongoing,,,Shipowner,,
662,SOHAE SONBAK CO LTD,2006,2006,NA,Ongoing,,,Shipowner,,
376,SOJITZ CORP,1998,2006,NA,Ongoing,,,Shipowner,,
415,SOJITZ MARINE & ENGINEERING CO,1999,2005,NA,Ongoing,,,Shipowner,,
339,SOKI KISEN KK,1997,2006,NA,Ongoing,,,Shipowner,,
416,SPLIETHOFF’S BEVRACHTINGSKANTO,1999,2006,NA,Ongoing,,,Shipowner,,
340,STAMCO SHIP MANAGEMENT CO LTD,1997,1998,NA,Ongoing,,,Shipowner,,
241,STARLADY MARINE LTD,1994,2002,NA,Ongoing,,,Shipowner,,
473,STATE ENTERPRISE MARIUPOL SEA,2001,2003,NA,Ongoing,,,Shipowner,,
541,STATE STREET BANK & TRUST CO,2003,2005,NA,Ongoing,,,Shipowner,,
274,STAVROS DAIFAS MARINE ENTERPRI,1995,2000,NA,Ongoing,,,Shipowner,,
377,STENA AB,1998,2000,NA,Ongoing,,,Shipowner,,
242,STOLT-NIELSEN TRANSPORTATION G,1994,1997,NA,Dead in 2007,,,Stolt-Nielsen is ongoing company group,,
474,STORESLETTEN REDERI AS,2001,2002,NA,Ongoing,,,Shipowner,,
378,STRAND SHIPPING A/S,1998,2004,NA,Ongoing,,,Shipowner,,
542,STROFCOM SHIPPING CO LTD,2003,2006,NA,Ongoing,,,Shipowner,,
135,STX PAN OCEAN CO LTD,1990,2006,NA,Ongoing,,Pan Ocean(current name),,,
491,SUISSE-ATLANTIQUE SOCIETE DE,2002,2006,NA,Ongoing,,,Shipowner,,
601,SUNFED CORP,2005,2006,NA,Ongoing,,,Shipowner,,
275,SUNFORD SHIPPING LTD.,1995,2006,NA,Ongoing,,,Shipowner,,
219,SVITZER AS,1993,1996,Maersk,Subsidiary of Maersk,,,Shipowner,1,acquisition
136,SYARIKAT PERKAPALAN KRIS SDN,1990,2006,NA,Ongoing,,,Shipowner,,
341,TACHIBANAYA CO LTD (KK TACHIBA,1997,2004,NA,Ongoing,,,Shipowner,,
379,TAGASHIRA KAIUN CO LTD,1998,2006,NA,Ongoing,,,Shipowner,,
342,TAIYO KAIUN KK,1997,2006,NA,Ongoing,,,Shipowner,,
276,TANKER PACIFIC MANAGEMENT (SI,1995,1998,NA,Inactive,,,,,
243,TARGET MARINE SA,1994,2006,NA,Ongoing,,,Shipowner,,
475,TECHNOMAR SHIPPING INC,2001,2006,NA,Ongoing,,,Shipowner,,
137,TEEKAY SHIPPING (CANADA) LTD,1990,1993,NA,Ongoing,,,Shipowner,,
166,TEH TUNG STEAMSHIP CO LTD,1991,1991,NA,Ongoing,,,Shipowner,,
492,TEO SHIPPING CORP,2002,2006,NA,Ongoing,,,Shipowner,,
543,THE ANGLO-EASTERN GROUP,2003,2006,NA,Ongoing,,,Shipowner,,
220,THE HONGKONG SALVAGE & TOWAGE,1993,2001,NA,Ongoing,,,Shipowner,,
204,THE ICELAND STEAMSHIP CO LTD (,1992,2006,NA,Ongoing,,,,,
277,THE NATIONAL SHIPPING COMPANY,1995,2002,,,,,,,
138,THE PENINSULAR AND ORIENTAL ST,1990,2004,Maersk,,P&O Containers,PONL,,1,merger
476,THE ROYAL BANK OF SCOTLAND GRO,2001,2006,NA,Ongoing,,,Shipowner,,
139,THE SCHULTE GROUP,1990,2006,NA,Ongoing,,,Shipowner,,
417,THENAMARIS (SHIPS MANAGEMENT),1999,2000,NA,Ongoing,,,Shipowner,,
140,THIEN & HEYENGA BEREEDERUNGS-,1990,2006,NA,Ongoing,,,Shipmanager,,
451,THOME & CO PTE LTD,2000,2002,NA,Ongoing,,,Shipowner,,
477,TIANJIN-INCHON INTERNATIONAL,2001,2001,NA,Ongoing,,,Shipowner,,
380,TODA KISEN KK,1998,2006,NA,Ongoing,,,Shipowner,,
452,TOKAI SHIPPING CO LTD (TOKAI,2000,2006,NA,Ongoing,,,Shipowner,,
141,TOKEI KAIUN KK,1990,2006,NA,Ongoing,,,Shipowner,,
418,TOKO UNYU KK,1999,2006,NA,Ongoing,,,Shipowner,,
493,TONICHI SANGYO KK,2002,2004,NA,Ongoing,,,Shipowner,,
663,TOSHIN YUSOSEN CO LTD (TOSHIN,2006,2006,NA,Ongoing,,,Shipowner,,
419,TOSOH LOGISTICS CORP (TOSOH B,1999,2006,NA,Ongoing,,,Shipowner,,
602,TOYO KAIUN KK,2005,2006,NA,Ongoing,,,Shipowner,,
244,TOYO SANGYO CO LTD (TOYO SANGY,1994,2006,NA,Ongoing,,,Shipowner,,
603,TRADEMAR PTE LTD,2005,2006,NA,Ongoing,,,Shipowner,,
245,TRAMP SL,1994,2006,NA,Ongoing,,,Shipowner,,
420,TRANSESTE SCHIFFAHRT GMBH,1999,2005,DIETRICH TAMKE KG,subsidiary of DIETRICH TAMKE KG,,,Shipmanager,1,
142,TRANSINSULAR -TRANSPORTES MARI,1990,1996,NA,Ongoing,,,Shipowner,,
381,TRANSMAN SHIPPING ENTERPRISES,1998,2006,NA,Dead in 2001,,,,,
664,TRANSMARITIMA DEL CARIBE LTDA,2006,2006,NA,Liquidated in 2009?,,,,,
205,TRANSPORTES NAVIEROS ECUATORIA,1992,1996,NA,Ongoing,,,Shipmanager,,
246,TSAKOS SHIPPING & TRADING SA,1994,2006,NA,Ongoing,,,Shipowner,,
665,TSINLIEN TRANSPORTATION CO LTD,2006,2006,NA,Ongoing,,,Shipowner,,
666,TUI AG,2006,2006,Hapag-Lloyd,Sold Hapag-lloyd and exit on 2008,,,,0,
453,TYSON MARINE PTE LTD,2000,2003,NA,Ongoing,,,Shipowner,,
143,UNICORN SHIPPING PTY LTD,1990,2001,NA,Dead in 2005,,,,,
144,UNIQUE SHIPPING (HK) LTD,1990,2004,NA,Ongoing,,,Shipowner,,
247,UNITAS SCHIFFAHRTSGES MBH,1994,2006,NA,Ongoing,,,Shipmanager,,
145,UNITED ARAB SHIPPING CO (UASC),1990,2006,Hapag-Lloyd,Subsidiary of Hapag-Lloyd since 2017,,UASC,UASC,0,
667,UNITED MARINE CO SRL,2006,2006,NA,Ongoing,,,Shipowner,,
248,UNITED THAI SHIPPING CORP LTD,1994,2006,IMC Holdings Ltd,Subsidiary of IMC Holdings Ltd,,,,1,acquisition
146,UNIVAN SHIP MANAGEMENT LTD,1990,1993,NA,Dead in 2017,,,,,
604,US BANCORP,2005,2006,NA,Ongoing,,,Shipowner,,
494,USUI KAIUN KK,2002,2004,NA,Ongoing,,,Shipowner,,
147,V SHIPS GROUP,1990,2002,NA,Ongoing,,,Shipmanager,,
454,VAN YU TRADING CO LTD,2000,2006,NA,Ongoing,,,Shipowner,,
563,VAPORES SUARDIAZ SA,2004,2004,NA,Ongoing,,,Shipowner,,
544,VEGA-REEDEREI FRIEDRICH DAUBER,2003,2006,NA,Ongoing,,,Shipowner,,
382,VERMILION OVERSEAS MANAGEMENT,1998,2006,NA,Ongoing,,,Shipowner,,
148,VERTOM SCHEEPVAART EN HANDELS,1990,1991,NA,Dead in 2010,,,,,
605,VIETNAM NATIONAL SHIPPING LINE,2005,2006,NA,Ongoing,,,,,
149,VROON BV,1990,2006,NA,Ongoing,,,Shipowner,,
545,W BOCKSTIEGEL REEDEREI GMBH &,2003,2006,NA,Ongoing,,,Shipowner,,
249,WAGENBORG SHIPPING BV,1994,2006,NA,Ongoing,,,Shipowner,,
150,WAH KWONG SHIPPING AGENCY CO L,1990,2006,NA,Ongoing,,,Shipowner,,
151,WALLEM GROUP LTD,1990,1996,NA,Ongoing,,,Shipowner,,
152,WALTHER MOLLER & CO,1990,2006,NA,Ongoing,,,Shipowner,,
221,WAN HAI LINES LTD,1993,2006,NA,Ongoing,Wan Hai,Wan Hai,,,
343,WILFRIED RAMBOW KG,1997,2006,NA,Ongoing,,,Shipowner,,
153,WILH WILHELMSEN ASA (WILSHIP),1990,1991,NA,Ongoing,,,,,
292,WILHELM TIETJEN BEFRACHTUNGSGE,1996,2004,NA,Ongoing,,,Shipowner,,
154,"WILMINGTON TRUST CO, AS TRUSTE",1990,2006,NA,Ongoing,,,Shipowner,,
546,WINCO MARITIME LTD,2003,2004,NA,Ongoing,,,Shipowner,,
155,WING TAK SHIPPING AGENCY LTD,1990,2006,NA,Ongoing,,,Shipowner,,
668,WINLAND SHIPPING CO LTD,2006,2006,NA,Ongoing,,,Shipowner,,
669,WOODWARD GROUP OF COMPANIES,2006,2006,NA,Ongoing,,,Shipowner,,
421,WORLD MARINE CO LTD,1999,2006,NA,Ongoing,,,Shipowner,,
606,XSM CROSS SHIP MANAGEMENT GMBH,2005,2006,NA,Ongoing,,,Shipowner,,
250,YAMAMOTO KAIUN KK,1994,2006,NA,Ongoing,,,Shipowner,,
156,YANGMING MARINE TRANSPORT CORP,1990,2006,NA,Ongoing,,Yangming,Yangming,,
157,YANO KAIUN CO LTD,1990,2006,NA,Ongoing,,,Shipowner,,
422,YARDIMCI SHIPPING GROUP,1999,2006,NA,Ongoing,,,Shipowner,,
564,YONG HAI AGENCIES,2004,2006,NA,Inactive,,,,,
158,YONG LONG STEAMSHIP CO LTD,1990,1991,NA,Ongoing,,,Shipowner,,
251,ZHEJIANG FUCHUEN SHIPPING & E,1994,2004,NA,Ongoing,,,Shipowner,,
670,ZHEJIANG XINXIN SHIPPING CO LT,2006,2006,NA,Ongoing,,,Shipowner,,
159,ZIM INTEGRATED SHIPPING SERVIC,1990,2006,NA,Ongoing,,Zim,Zim,,
478,ZODIAC MARITIME AGENCIES LTD,2001,2006,NA,Ongoing,,,Shipowner,,
1,,1990,2006,,,,,,,
