"","parent_company","start","end","merging_firm","note"
"1","-",1990,2006,"",""
"2","A BOTTACCHI SA DE NAVEGACION",1990,1995,"",""
"3","A P MOLLER",1990,2006,"",""
"4","ALFRED C TOEPFER KG SCHIFFAHRT",1990,2006,"",""
"5","ANDREW WEIR & CO LTD",1990,2006,"",""
"6","APL LTD",1990,1997,"",""
"7","BANK OF AMERICA NATIONAL TRUST",1990,1992,"",""
"8","BANK OF SCOTLAND",1990,2000,"",""
"9","BAUM & CO GMBH & CO KG",1990,2006,"",""
"10","BEN LINE GROUP LTD (WM THOMSON",1990,1992,"",""
"11","BERND BECKER KG",1990,2006,"",""
"12","BUGSIER-REEDEREI-UND BERGUNGS-",1990,1996,"",""
"13","BURMA NAVIGATION CORP",1990,1998,"",""
"14","C& LINE CO LTD",1990,2006,"",""
"15","CHENG LIE NAVIGATION CO LTD",1990,2006,"",""
"16","CHINA OCEAN SHIPPING (GROUP) C",1990,2006,"",""
"17","CHRISTIAN F AHRENKIEL GMBH & C",1990,2006,"",""
"18","CITICORP",1990,1996,"",""
"19","COLONIAL MARINE INDUSTRIES INC",1990,1994,"",""
"20","COMPAGNIE GENERALE MARITIME  E",1990,2002,"",""
"21","COMPAGNIE MAROCAINE DE NAVIGAT",1990,2006,"",""
"22","COMPANIA MARITIMA",1990,1991,"",""
"23","COMPANIA SUDAMERICANA  DE VAPO",1990,2006,"",""
"24","COMPANIA TRASATLANTICA ESPANOL",1990,2004,"",""
"25","CONTI REEDEREI",1990,2006,"",""
"26","COSTAMARE SHIPPING CO SA",1990,2006,"",""
"27","D'AMICO SOCIETA DI NAVIGAZIONE",1990,2006,"",""
"28","DANSK INVESTERINGSFOND AF 1JUL",1990,1999,"",""
"29","DELMAS",1990,2006,"",""
"30","DMK LEASING A/S",1990,2006,"",""
"31","DYVI AS",1990,1991,"",""
"32","EGON OLDENDORFF OHG",1990,1997,"",""
"33","ERIK THUN A/B",1990,1994,"",""
"34","EVERGREEN MARINE CORP (TAIWAN)",1990,2006,"",""
"35","F A VINNEN & CO (GMBH & CO KG)",1990,2006,"",""
"36","F LAEISZ SCHIFFAHRTSGESELLSCHA",1990,2006,"",""
"37","FAR-EAST TRANSPORT CO LTD",1990,1996,"",""
"38","FARRELL LINES INC",1990,2000,"",""
"39","FLENSBURGER SCHIFFSPARTEN-VERE",1990,2000,"",""
"40","GATX CORP",1990,1992,"",""
"41","GEORGE A CALLITSIS SUCCESSORS",1990,2006,"",""
"42","GERD RITSCHER KG",1990,2006,"",""
"43","GOVERNMENT OF THE  UNITED STAT",1990,2006,"",""
"44","GOVERNMENT OF THE PEOPLE'S  RE",1990,2006,"",""
"45","GOVERNMENT OF THE PEOPLE'S REP",1990,2006,"",""
"46","GOVERNMENT OF THE REPUBLIC OF",1990,2006,"",""
"47","H CLARKSON & CO LTD",1990,1994,"",""
"48","HANJIN SHIPPING CO LTD",1990,2006,"",""
"49","HAPAG-LLOYD AG",1990,2006,"",""
"50","HDS AS",1990,1991,"",""
"51","HERM DAUELSBERG GMBH & CO",1990,2006,"",""
"52","HYUNDAI CORP",1990,2006,"",""
"53","IMC SHIPPING CO PTE LTD (IMCSC",1990,1993,"",""
"54","INDIA STEAMSHIP CO LTD",1990,1997,"",""
"55","INTERORIENT NAVIGATION CO LTD",1990,2006,"",""
"56","ISLAMAR SHIPMANAGEMENT CO LTD",1990,2006,"",""
"57","JADROPLOV INTERNATIONAL MARITI",1990,2006,"",""
"58","JAMES FISHER & SONS PLC",1990,1991,"",""
"59","JARDINE SHIPPING LTD",1990,2006,"",""
"60","JOHN SWIRE & SONS LTD",1990,2006,"",""
"61","JOHN T ESSBERGER GMBH & CO KG",1990,2006,"",""
"62","JOHS THODE GMBH & CO KG",1990,2006,"",""
"63","KAMBARA KISEN CO LTD",1990,1999,"",""
"64","KAWASAKI KISEN KAISHA LTD  (KA",1990,2006,"",""
"65","KDB CAPITAL CO LTD",1990,2006,"",""
"66","KG PROJEX-SCHIFFAHRTS GMBH & C",1990,2006,"",""
"67","KHATIB TRADING CO",1990,1996,"",""
"68","KNUTSEN OAS SHIPPING AS",1990,2001,"",""
"69","KOREA MARINE TRANSPORT CO LTD",1990,2006,"",""
"70","LEONHARDT & BLUMBERG   SCHIFFA",1990,2006,"",""
"71","LLOYDS TSB GROUP PLC",1990,2006,"",""
"72","LOADSTAR SHIPPING CO INC",1990,1991,"",""
"73","MALAYSIA SHIPPING CORP SDN BHD",1990,2006,"",""
"74","MARISCOS HYBUR SA",1990,1997,"",""
"75","MARLOW NAVIGATION CO LTD",1990,2006,"",""
"76","MARUBA SCA  EMPRESA DE NAVEGAC",1990,2006,"",""
"77","MARUBENI CORP",1990,2001,"",""
"78","MATSON NAVIGATION CO INC",1990,2004,"",""
"79","MEDITERRANEAN SHIPPING CO SA",1990,2006,"",""
"80","MISC BERHAD",1990,2003,"",""
"81","MITSUI OSK LINES LTD (MOL)",1990,2006,"",""
"82","MIZUHO SANGYO CO LTD",1990,2006,"",""
"83","MUTUALISTA ACOREANA DE TRANSPO",1990,2002,"",""
"84","NANTAI LINE CO LTD",1990,1998,"",""
"85","NAVIERA PINILLOS SA",1990,1998,"",""
"86","NEGROS NAVIGATION CO INC",1990,2006,"",""
"87","NEPTUNE ORIENT LINES LTD (NOL)",1990,2006,"",""
"88","NIPPON KAIUN KK  (NIPPON SHIPP",1990,2000,"",""
"89","NIPPON MARINE CO LTD  (NIPPON",1990,2006,"",""
"90","NIPPON YUSEN KAISHA (NYK LINE)",1990,2006,"",""
"91","NITTA KISEN KAISHA LTD",1990,2006,"",""
"92","NORSE MANAGEMENT CO (PTE) LTD",1990,2006,"",""
"93","NSB NIEDERELBE  SCHIFFAHRTSGES",1990,2006,"",""
"94","NV CMB SA",1990,2006,"",""
"95","OFER BROTHERS (HOLDINGS) LTD",1990,2006,"",""
"96","OK SHIPPING PTE LTD",1990,1992,"",""
"97","OLDENBURG-PORTUGIESISCHE   DAM",1990,1997,"",""
"98","ORIENT EXPRESS LINES INC",1990,2006,"",""
"99","ORIENT OVERSEAS INTERNATIONAL",1990,2006,"",""
"100","OSAKA ASAHI KAIUN KK  (OSAKA A",1990,2006,"",""
"101","PACIFIC INTERNATIONAL LINES (P",1990,2006,"",""
"102","PAN CONTINENTAL SHIPPING CO LT",1990,2006,"",""
"103","PETER DOEHLE SCHIFFAHRTS-KG",1990,2006,"",""
"104","POLISH OCEAN LINES  (POLSKIE L",1990,1992,"",""
"105","PT DJAKARTA LLOYD (PERSERO)",1990,2006,"",""
"106","PT JAYAKUSUMA PERDANA LINES",1990,2006,"",""
"107","PT PERUSAHAAN PELAYARAN  'SAMU",1990,2006,"",""
"108","PT PERUSAHAAN PELAYARAN SAMUDE",1990,1994,"",""
"109","PT TANTO INTIM LINE",1990,2006,"",""
"110","PT TEMPURAN EMAS TBK",1990,2006,"",""
"111","RCL SHIPMANAGEMENT PTE LTD",1990,1992,"",""
"112","REA SHIPPING AGENCY CO SA",1990,1991,"",""
"113","REEDEREI 'NORD' KLAUS E OLDEND",1990,2006,"",""
"114","REEDEREI CLAUS-PETER OFFEN GMB",1990,2006,"",""
"115","REEDEREI GEBR WINTER GMBH & CO",1990,2006,"",""
"116","REEDEREI H - P WEGENER",1990,2006,"",""
"117","REEDEREI HERMANN WULFF",1990,2006,"",""
"118","REEFER & GENERAL SHIP-MANAGEME",1990,1998,"",""
"119","REGIONAL CONTAINER LINES PUBLI",1990,2006,"",""
"120","RICKMERS REEDEREI GMBH & CIE K",1990,2006,"",""
"121","ROYAL P&O NEDLLOYD NV (KONINKL",1990,2006,"",""
"122","RUDOLF A OETKER",1990,2006,"",""
"123","SCHIFFAHRTSGESELLSCHAFT  OLTMA",1990,2006,"",""
"124","SCHIFFAHRTSKONTOR RENDSBURG GM",1990,2006,"",""
"125","SEA CONTAINERS LTD",1990,1995,"",""
"126","SEKIHYO LINE LTD",1990,1992,"",""
"127","SEMBCORP MARINE LTD",1990,1996,"",""
"128","SENO KISEN KK (SENO KISEN CO L",1990,1998,"",""
"129","SETOUCHI MARINE CO LTD",1990,1991,"",""
"130","SHANGHAI JINJIANG SHIPPING COR",1990,1991,"",""
"131","SHINKO MARITIME CO LTD",1990,2003,"",""
"132","SHOEI KISEN KAISHA LTD",1990,2006,"",""
"133","SHUNZAN KAIUN KK  (SHUNZAN KAI",1990,2006,"",""
"134","SINOTRANS SHIPPING LTD (HONG K",1990,2002,"",""
"135","STX PAN OCEAN CO LTD",1990,2006,"",""
"136","SYARIKAT PERKAPALAN KRIS  SDN",1990,2006,"",""
"137","TEEKAY SHIPPING (CANADA) LTD",1990,1993,"",""
"138","THE PENINSULAR AND ORIENTAL ST",1990,2004,"",""
"139","THE SCHULTE GROUP",1990,2006,"",""
"140","THIEN & HEYENGA BEREEDERUNGS-",1990,2006,"",""
"141","TOKEI KAIUN KK",1990,2006,"",""
"142","TRANSINSULAR -TRANSPORTES MARI",1990,1996,"",""
"143","UNICORN SHIPPING PTY LTD",1990,2001,"",""
"144","UNIQUE SHIPPING (HK) LTD",1990,2004,"",""
"145","UNITED ARAB SHIPPING CO (UASC)",1990,2006,"",""
"146","UNIVAN SHIP MANAGEMENT LTD",1990,1993,"",""
"147","V SHIPS GROUP",1990,2002,"",""
"148","VERTOM SCHEEPVAART EN  HANDELS",1990,1991,"",""
"149","VROON BV",1990,2006,"",""
"150","WAH KWONG SHIPPING AGENCY CO L",1990,2006,"",""
"151","WALLEM GROUP LTD",1990,1996,"",""
"152","WALTHER MOLLER & CO",1990,2006,"",""
"153","WILH WILHELMSEN ASA (WILSHIP)",1990,1991,"",""
"154","WILMINGTON TRUST CO, AS TRUSTE",1990,2006,"",""
"155","WING TAK SHIPPING AGENCY LTD",1990,2006,"",""
"156","YANGMING MARINE TRANSPORT CORP",1990,2006,"",""
"157","YANO KAIUN CO LTD",1990,2006,"",""
"158","YONG LONG STEAMSHIP CO LTD",1990,1991,"",""
"159","ZIM INTEGRATED SHIPPING SERVIC",1990,2006,"",""
"160",NA,1990,2006,"",""
"161","GOVERNMENT OF THE  REPUBLIC OF",1991,2006,"",""
"162","HAI SUN HUP CO (PTE) LTD",1991,2004,"",""
"163","MITSUI & CO LTD",1991,1991,"",""
"164","NISSEN KAIUN CO LTD (NISSEN KA",1991,2006,"",""
"165","OAK MARITIME (CANADA) INC",1991,1992,"",""
"166","TEH TUNG STEAMSHIP CO LTD",1991,1991,"",""
"167","ABBEY NATIONAL PLC",1992,1997,"",""
"168","ACTINOR SHIPPING ASA",1992,2002,"",""
"169","BALTIC SHIPPING CO",1992,1996,"",""
"170","BLACK SEA SHIPPING CO  (CHERNO",1992,1999,"",""
"171","BUSAN SHIPPING CO LTD",1992,1994,"",""
"172","CABOTAGE VENEZOLANO 'CABOVEN'",1992,1992,"",""
"173","CHINA MERCHANTS STEAM NAVIGATI",1992,1994,"",""
"174","CHIQUITA BRANDS INTERNATIONAL",1992,2006,"",""
"175","COLUMBIA SHIPMANAGEMENT LTD",1992,2006,"",""
"176","COMPANIA ISCOMAR SA",1992,1992,"",""
"177","CONTENEMAR SA",1992,2006,"",""
"178","DIETRICH TAMKE KG",1992,2006,"",""
"179","ECHO HILL LTD",1992,1998,"",""
"180","ERNST RUSS GMBH & CO KG",1992,2006,"",""
"181","FAR-EASTERN SHIPPING CO  (FESC",1992,2006,"",""
"182","FUKUSEI SANGYO KK",1992,2006,"",""
"183","GOLDENPORT SHIPMANAGEMENT LTD",1992,2006,"",""
"184","GOVERNMENT OF ROMANIA",1992,1992,"",""
"185","HANJIN TRANSPORTATION CO LTD",1992,2006,"",""
"186","JOINT-STOCK CO NORTHERN RIVER",1992,1992,"",""
"187","JOINT-STOCK VOLGA SHIPPING CO",1992,1992,"",""
"188","JS NORTH-WESTERN SHIPPING CO",1992,1992,"",""
"189","KAMBANG HOLDING LTD",1992,1992,"",""
"190","KYOWA KISEN KK  (KYOWA STEAMSH",1992,1997,"",""
"191","LATVIAN SHIPPING CO (LATVIJAS",1992,1992,"",""
"192","LUND, MOHR & GIAEVER-ENGER AS",1992,1996,"",""
"193","MEDITERRANEAN SHIPPING CO SRL",1992,1992,"",""
"194","NATIONAL MARINE SERVICES CO",1992,1996,"",""
"195","NISSHIN SHIPPING CO LTD  (NISS",1992,2001,"",""
"196","OAO 'SOVCOMFLOT'",1992,2006,"",""
"197","OOST ATLANTIC LIJN BV",1992,2001,"",""
"198","OSKAR WEHR KG (GMBH & CO)",1992,2006,"",""
"199","PARAKOU SHIPPING LTD",1992,2002,"",""
"200","RIO GRANDE CO LTD",1992,1992,"",""
"201","ROHDEN BEREEDERUNG GMBH & CO K",1992,2006,"",""
"202","SEATRANS SHIPPING SARL",1992,2006,"",""
"203","SECIL MARITIMA UEE",1992,2001,"",""
"204","THE ICELAND STEAMSHIP CO LTD (",1992,2006,"",""
"205","TRANSPORTES NAVIEROS ECUATORIA",1992,1996,"",""
"206","'C.N.M. ROMLINE' SHIPPING CO.",1993,1998,"",""
"207","AKI KAIUN CO LTD (AKI KAIUN KK",1993,2006,"",""
"208","DANAOS SHIPPING CO LTD",1993,2006,"",""
"209","GUANGDONG PROVINCE, HONG KONG",1993,1997,"",""
"210","HANSE BEREEDERUNGS GMBH",1993,2006,"",""
"211","IRAN MARINE SERVICES CO",1993,2006,"",""
"212","IRISH CONTINENTAL GROUP PLC",1993,1993,"",""
"213","JAYA HOLDINGS LTD",1993,2005,"",""
"214","JOINT STOCK NORTHERN SHIPPING",1993,2005,"",""
"215","KING OCEAN SERVICES DE VENEZUE",1993,2006,"",""
"216","KOBE SHIPPING CO LTD",1993,2006,"",""
"217","PAN NAUTIC SA",1993,1996,"",""
"218","SCHLUSSEL REEDEREI KG (GMBH &",1993,2006,"",""
"219","SVITZER AS",1993,1996,"",""
"220","THE HONGKONG SALVAGE & TOWAGE",1993,2001,"",""
"221","WAN HAI LINES LTD",1993,2006,"",""
"222","ANGLO-EASTERN SHIP MANAGEMENT",1994,2001,"",""
"223","CENTRAL SHIPPING CO. INC.",1994,1999,"",""
"224","CROWLEY MARITIME CORP",1994,1998,"",""
"225","D EFTHYMIOU SHIPPING SA",1994,1994,"",""
"226","DORIS MARITIME SERVICES SA",1994,2006,"",""
"227","ERNST KOMROWSKI REEDEREI KG (G",1994,2006,"",""
"228","FLEET NATIONAL BANK OF CONNECT",1994,2002,"",""
"229","FLOTA MERCANTE GRANCOLOMBIANA",1994,1996,"",""
"230","FRIEDHELM DEDE KG",1994,2006,"",""
"231","FUH FUNG NAVIGATION AGENCY LTD",1994,1996,"",""
"232","HERMANN BUSS GMBH & CIE",1994,2006,"",""
"233","KASIF KALKAVAN VE ORTAKLARI  K",1994,2006,"",""
"234","KIEPE-SCHEPERS KG SCHIFFAHRT",1994,2006,"",""
"235","KLINGENBERG BEREEDERUNGS UND",1994,2005,"",""
"236","NAM SUNG SHIPPING CO LTD",1994,2006,"",""
"237","NEW WORLD SHIPPING CO NV",1994,2002,"",""
"238","PROJECT SHIPPING INC",1994,1995,"",""
"239","SCHIFFAHRTSKONTOR TOM WORDEN G",1994,2006,"",""
"240","SEAFARERS SHIPPING INC",1994,2006,"",""
"241","STARLADY MARINE LTD",1994,2002,"",""
"242","STOLT-NIELSEN TRANSPORTATION G",1994,1997,"",""
"243","TARGET MARINE SA",1994,2006,"",""
"244","TOYO SANGYO CO LTD (TOYO SANGY",1994,2006,"",""
"245","TRAMP SL",1994,2006,"",""
"246","TSAKOS SHIPPING & TRADING SA",1994,2006,"",""
"247","UNITAS SCHIFFAHRTSGES MBH",1994,2006,"",""
"248","UNITED THAI SHIPPING CORP LTD",1994,2006,"",""
"249","WAGENBORG SHIPPING BV",1994,2006,"",""
"250","YAMAMOTO KAIUN KK",1994,2006,"",""
"251","ZHEJIANG FUCHUEN SHIPPING &  E",1994,2004,"",""
"252","DIORYX MARITIME CORP",1995,2006,"",""
"253","DOLE FOOD CO",1995,2006,"",""
"254","DT-BEREEDERUNGS GMBH & CO. KG",1995,2006,"",""
"255","EASTERN STAR SHIPPING CO LTD",1995,1995,"",""
"256","ESMERALDA SCHIFFAHRTS- VERWALT",1995,2006,"",""
"257","FAIRWEATHER STEAMSHIP CO LTD",1995,2002,"",""
"258","FAR EAST ENTERPRISING CO (HK)",1995,2005,"",""
"259","FLYING LEAF SHIPPING LTD",1995,2006,"",""
"260","GERD BARTELS (REEDEREI BARTELS",1995,2006,"",""
"261","GOVERNMENT OF THE KINGDOM OF D",1995,2006,"",""
"262","HARRY BROHAN",1995,2006,"",""
"263","INTERSHIP NAVIGATION CO LTD",1995,1996,"",""
"264","KAPITAN MANFRED DRAXL SCHIFFAH",1995,2006,"",""
"265","LORENZO SHIPPING CORP",1995,2006,"",""
"266","OCEANIC MARITIME LTD",1995,2006,"",""
"267","OKOUCHI KAIUN KK (OKOCHI KAIUN",1995,2006,"",""
"268","REEDEREI RUDOLF SCHEPERS KG",1995,2006,"",""
"269","REEDEREI SPECK GBR",1995,1996,"",""
"270","RICHFIELD MARINE AGENCIES (S)",1995,2004,"",""
"271","SHIKISHIMA KISEN KK",1995,2006,"",""
"272","SHINKO MARINE INDUSTRIES LTD",1995,2006,"",""
"273","SHINWA KAIUN KK  (SHINWA KAIUN",1995,1996,"",""
"274","STAVROS DAIFAS MARINE ENTERPRI",1995,2000,"",""
"275","SUNFORD SHIPPING LTD.",1995,2006,"",""
"276","TANKER PACIFIC MANAGEMENT  (SI",1995,1998,"",""
"277","THE NATIONAL SHIPPING COMPANY",1995,2002,"",""
"278","ALPHA SHIP GMBH",1996,2006,"",""
"279","BOYANG SHIPPING CO LTD",1996,1998,"",""
"280","BRINK & WOLFFEL",1996,2006,"",""
"281","CARL F PETERS (GMBH & CO)",1996,2004,"",""
"282","FUYO KAIUN SHIPMANAGEMENT CORP",1996,2005,"",""
"283","HAN IL LEASING CO LTD",1996,2003,"",""
"284","HARTMANN SCHIFFAHRTS GMBH & CO",1996,2006,"",""
"285","LINE FAST PTE LTD",1996,1997,"",""
"286","NAGASHIKI SHIPPING CO LTD (NAG",1996,2006,"",""
"287","OKEANRYBFLOT JOINT STOCK CO  (",1996,1996,"",""
"288","RAINER FRED AUGUST DREVIN",1996,2006,"",""
"289","REDERIET STENERSEN AS",1996,2000,"",""
"290","REEDEREI HINSCH",1996,2006,"",""
"291","RHEIN-, MAAS- UND SEE-SCHIFFAH",1996,2001,"",""
"292","WILHELM TIETJEN BEFRACHTUNGSGE",1996,2004,"",""
"293","ABOITIZ TRANSPORT SYSTEM CORP",1997,2004,"",""
"294","B NAVI SPA",1997,2006,"",""
"295","BALTIMAR A/S LTD",1997,2002,"",""
"296","BROVIGS REDERI AS",1997,2003,"",""
"297","BUDISUKMA SDN BHD",1997,2002,"",""
"298","CHONG FUI SHIPPING & FORWARDIN",1997,1998,"",""
"299","COMPAGNIE MARITIME MARFRET",1997,2006,"",""
"300","CONTAL SHIPPING LTD",1997,2006,"",""
"301","DANSK SUPERMARKED INVEST A/S",1997,2003,"",""
"302","E NOMIKOS CORP",1997,2000,"",""
"303","ENTERPRISES SHIPPING & TRADING",1997,2002,"",""
"304","ERNST-AUGUST VON ALLWORDEN",1997,2006,"",""
"305","FUKUJIN KISEN KK",1997,2006,"",""
"306","FUYO KAIUN CO LTD",1997,2001,"",""
"307","GOVERNMENT OF THE ISLAMIC  REP",1997,2003,"",""
"308","HAKKO MARINE & CORP",1997,1999,"",""
"309","HALLA MARITIME CORP",1997,1997,"",""
"310","IGNAZIO MESSINA & C SPA",1997,2006,"",""
"311","IONIAN TANKERSHIPPING MARITIME",1997,1997,"",""
"312","JUNGERHANS MARITIME SERVICES G",1997,2006,"",""
"313","JUTHA MARITIME PUBLIC CO LTD",1997,2002,"",""
"314","KEISHIN KAIUN CO LTD",1997,2006,"",""
"315","KIRMAR DENIZCILIK VE TICARET A",1997,2002,"",""
"316","KRISTIAN GERHARD JEBSEN SKIPSR",1997,1997,"",""
"317","KUOK (SINGAPORE) LTD",1997,2006,"",""
"318","MARCOMAR SHIPPING LINES CYPRUS",1997,1999,"",""
"319","MARU SHIPPING CO INC",1997,2006,"",""
"320","MC SHIPPING INC",1997,2006,"",""
"321","MIDOCEAN (IOM) LTD",1997,1997,"",""
"322","MITSUBISHI LOGISTICS CORP",1997,2003,"",""
"323","MITSUHAMA KISEN KK",1997,2006,"",""
"324","MIYAZAKI SANGYO KK",1997,2006,"",""
"325","NEPTUNIA COMPANHIA DE NAVEGACA",1997,2006,"",""
"326","ORIENT MARINE CO LTD (TOYO SEN",1997,1999,"",""
"327","PACIFIC SHIP MANAGEMENT CO LTD",1997,1997,"",""
"328","PAN-UNITED SHIPPING (PTE) LTD",1997,2006,"",""
"329","PEARL DELTA SHIPPING CO LTD",1997,2006,"",""
"330","POHL SHIPPING SCHIFFAHRTSGESEL",1997,2006,"",""
"331","RASS SCHIFFAHRT GMBH & CO",1997,2006,"",""
"332","REEDEREI BERND SIBUM GMBH & CO",1997,2006,"",""
"333","REEDEREI EHLER",1997,2006,"",""
"334","REEDEREI HEINO WINTER KG",1997,2006,"",""
"335","REEDEREI JORG KOPPING",1997,2006,"",""
"336","REEDEREI RUDOLF SCHEPERS GMBH",1997,2006,"",""
"337","SETOUCHI ENTERPRISE CO LTD",1997,2006,"",""
"338","SOCIETE GENERALE SA",1997,2006,"",""
"339","SOKI KISEN KK",1997,2006,"",""
"340","STAMCO SHIP MANAGEMENT CO LTD",1997,1998,"",""
"341","TACHIBANAYA CO LTD (KK TACHIBA",1997,2004,"",""
"342","TAIYO KAIUN KK",1997,2006,"",""
"343","WILFRIED RAMBOW KG",1997,2006,"",""
"344","ALCYON SHIPPING CO LTD",1998,1998,"",""
"345","BRISE SCHIFFAHRTS GMBH",1998,2006,"",""
"346","CENTRAL MARINE KK  (CENTRAL MA",1998,2006,"",""
"347","CHINA NATIONAL FOREIGN TRADE",1998,2006,"",""
"348","CHIOS MARITIME SA",1998,2006,"",""
"349","CONTAZ MARITIME TRANSPORT & TR",1998,2006,"",""
"350","EAGLE MARITIME CO LTD",1998,2006,"",""
"351","GEFONZO BV",1998,2006,"",""
"352","GERD KOPPELMANN",1998,2006,"",""
"353","GLORY SHIP MANAGEMENT PTE LTD",1998,1998,"",""
"354","HENRY BREUER KG",1998,2006,"",""
"355","HILL SAMUEL GROUP LTD",1998,2006,"",""
"356","HINTERLAND CHARTERING SA",1998,1998,"",""
"357","HYUNDAI INTERNATIONAL MERCHANT",1998,2006,"",""
"358","INTEROCEAN SHIPPING CO LTD",1998,2006,"",""
"359","ISLAMIC REPUBLIC OF IRAN SHIPP",1998,2006,"",""
"360","J P SAMARTZIS MARITIME  ENTERP",1998,2006,"",""
"361","JINYU SHIPPING CO LTD (JINYU K",1998,2006,"",""
"362","JURGEN OHLE",1998,2006,"",""
"363","KOTOKU KAIUN KK (KOTOKU KAIUN",1998,2006,"",""
"364","NATIONAL AUSTRALIA BANK LTD",1998,2006,"",""
"365","OCEANBULK MARITIME SA",1998,2002,"",""
"366","ODVAR OLSEN",1998,2001,"",""
"367","PETRONAS (PETROLEUM NASIONAL B",1998,2006,"",""
"368","PRIMA SHIPMANAGEMENT SDN BHD",1998,1999,"",""
"369","QUADRANT BEREEDERUNGS GMBH & C",1998,2005,"",""
"370","REEDEREI HANS HEINRICH KG",1998,2006,"",""
"371","REEDEREI THOMAS SCHULTE GMBH &",1998,2006,"",""
"372","SAMSKIP HF",1998,2006,"",""
"373","SIGMA MARINE LTD",1998,1998,"",""
"374","SIMATECH SHIPPING & FORWARDING",1998,2006,"",""
"375","SINGA STAR PTE LTD",1998,2006,"",""
"376","SOJITZ CORP",1998,2006,"",""
"377","STENA AB",1998,2000,"",""
"378","STRAND SHIPPING A/S",1998,2004,"",""
"379","TAGASHIRA KAIUN CO LTD",1998,2006,"",""
"380","TODA KISEN KK",1998,2006,"",""
"381","TRANSMAN SHIPPING ENTERPRISES",1998,2006,"",""
"382","VERMILION OVERSEAS MANAGEMENT",1998,2006,"",""
"383","ALON MARITIME CORP",1999,1999,"",""
"384","AMASUS SHIPPING BV",1999,1999,"",""
"385","ARKAS GROUP OF COMPANIES",1999,2006,"",""
"386","BAYRAKTAR GEMI ISLETMECILIGI",1999,2006,"",""
"387","BELUGA SHIPPING GMBH",1999,2006,"",""
"388","BERNUTH AGENCIES INC",1999,2006,"",""
"389","CHINA SHIPPING (GROUP) CO",1999,2006,"",""
"390","DONG JIN SHIPPING CO LTD",1999,2006,"",""
"391","EHIME KISEN KK",1999,2006,"",""
"392","EURASIA INTERNATIONAL (SINGAPO",1999,1999,"",""
"393","GOVERNMENT OF THE SOCIALIST  R",1999,2006,"",""
"394","GOVERNMENT OF THE STATE OF QAT",1999,2006,"",""
"395","GRUPO BOLUDA",1999,2006,"",""
"396","HABRO HOLDING APS",1999,2006,"",""
"397","HAKUSHIN KISEN CO LTD  (HAKUSH",1999,2006,"",""
"398","HAN SUNG SHIPPING CO LTD",1999,2004,"",""
"399","INVESTERINGSGRUPPEN DANMARK A/",1999,2006,"",""
"400","JOINT STOCK CO. 'PERSEY'",1999,2006,"",""
"401","JUHLKE SCHIFFAHRTS GMBH",1999,2006,"",""
"402","KIN HING SHIPPING & ENTERPRISE",1999,2006,"",""
"403","KREY SCHIFFAHRTS GMBH & CO KG",1999,2005,"",""
"404","LOMAR SHIPPING LTD",1999,2004,"",""
"405","LORENTZ STORESUND & SONNER",1999,1999,"",""
"406","M FARUK URKMEZ GROUP OF COMPAN",1999,2003,"",""
"407","MARUSAN KAIUN KK",1999,2006,"",""
"408","MASUMOTO SHIPPING CO LTD",1999,2006,"",""
"409","O T TONNEVOLD AS",1999,2006,"",""
"410","PT PELAYARAN LAUT BARU",1999,2006,"",""
"411","REEDEREI M LAUTERJUNG GMBH",1999,2006,"",""
"412","REEDEREI THEKLA SCHEPERS GMBH",1999,2006,"",""
"413","RUDOLF SCHONING GMBH",1999,2006,"",""
"414","SINGAPORE SOVIET SHIPPING  CO",1999,2000,"",""
"415","SOJITZ MARINE & ENGINEERING CO",1999,2005,"",""
"416","SPLIETHOFF'S BEVRACHTINGSKANTO",1999,2006,"",""
"417","THENAMARIS (SHIPS MANAGEMENT)",1999,2000,"",""
"418","TOKO UNYU KK",1999,2006,"",""
"419","TOSOH LOGISTICS CORP  (TOSOH B",1999,2006,"",""
"420","TRANSESTE SCHIFFAHRT GMBH",1999,2005,"",""
"421","WORLD MARINE CO LTD",1999,2006,"",""
"422","YARDIMCI SHIPPING GROUP",1999,2006,"",""
"423","ARKLOW SHIPPING LTD",2000,2004,"",""
"424","BBC - BURGER BEREEDERUNGS CONT",2000,2000,"",""
"425","BRIESE SCHIFFAHRTS GMBH & CO K",2000,2006,"",""
"426","BULLS TANKREDERI A/S",2000,2006,"",""
"427","CARDIFF MARINE INC",2000,2002,"",""
"428","CMA CGM HOLDING",2000,2006,"",""
"429","COSMOSHIP MANAGEMENT SA",2000,2006,"",""
"430","DEHAI MARINE SHIPPING (SINGAPO",2000,2004,"",""
"431","ESSCO (HELLAS) LTD",2000,2002,"",""
"432","EUROBULK LTD",2000,2005,"",""
"433","FORTUNE GLORY PTE LTD",2000,2006,"",""
"434","HALIFAX PLC",2000,2006,"",""
"435","HALIM MAZMIN GROUP",2000,2006,"",""
"436","HANSA SHIPPING GMBH & CO KG",2000,2005,"",""
"437","HOLWERDA SHIPMANAGEMENT BV",2000,2006,"",""
"438","HORIZON LINES INC",2000,2006,"",""
"439","KOTANI SHIPMANAGEMENT LTD",2000,2000,"",""
"440","L. J. GOTZ K.G.",2000,2006,"",""
"441","MEIHO KAIUN KK",2000,2006,"",""
"442","MIKKAL MYKLEBUSTHAUG REDERI AS",2000,2006,"",""
"443","NATIONAL NAVIGATION CO",2000,2006,"",""
"444","NIMMRICH & PRAHM BEREEDERUNG G",2000,2001,"",""
"445","NORDDEUTSCHE REEDEREI H SCHULD",2000,2000,"",""
"446","PT PELAYARAN NUSANTARA SALAM",2000,2006,"",""
"447","REEDEREI HORST ZEPPENFELD GMBH",2000,2006,"",""
"448","REEDEREI STEFAN PATJENS GMBH &",2000,2006,"",""
"449","SANKYO COMMERCIAL CO LTD  (SAN",2000,2006,"",""
"450","SINOKOR MERCHANT MARINE CO LTD",2000,2006,"",""
"451","THOME & CO PTE LTD",2000,2002,"",""
"452","TOKAI SHIPPING CO LTD  (TOKAI",2000,2006,"",""
"453","TYSON MARINE PTE LTD",2000,2003,"",""
"454","VAN YU TRADING CO LTD",2000,2006,"",""
"455","ASP PACIFIC HOLDINGS PTY LTD",2001,2006,"",""
"456","CAPITAL BANK PLC",2001,2006,"",""
"457","CIEL SHIPMANAGEMENT SA",2001,2002,"",""
"458","DENAK DEPOCULUK VE NAKLIYECILI",2001,2005,"",""
"459","EITZEN GROUP (CAMILLO EITZEN &",2001,2001,"",""
"460","JR SHIPPING BV",2001,2006,"",""
"461","KEIYO KISEN KK",2001,2006,"",""
"462","MARTIME - GESELLSCHAFT FUR MAR",2001,2006,"",""
"463","MURAKAMI HIDE SHIPBUILDING CO",2001,2006,"",""
"464","NORDCAPITAL HOLDING GMBH & CIE",2001,2006,"",""
"465","NORDDEUTSCHE VERMOGENSANLAGE G",2001,2006,"",""
"466","PANCON SHIPPING & MARINE SERVI",2001,2006,"",""
"467","PT PERUSAHAAN PELAYRAN SAMUDER",2001,2004,"",""
"468","REEDEREI ALNWICK HARMSTORF & C",2001,2006,"",""
"469","REEDEREI HEINZ-GEORG VOGE KG",2001,2006,"",""
"470","REEDEREI HEINZ CORLEIS KG",2001,2006,"",""
"471","RETTIG GROUP LTD BORE (OY RETT",2001,2004,"",""
"472","SEALIFT INC",2001,2006,"",""
"473","STATE ENTERPRISE MARIUPOL SEA",2001,2003,"",""
"474","STORESLETTEN REDERI AS",2001,2002,"",""
"475","TECHNOMAR SHIPPING INC",2001,2006,"",""
"476","THE ROYAL BANK OF SCOTLAND GRO",2001,2006,"",""
"477","TIANJIN-INCHON INTERNATIONAL",2001,2001,"",""
"478","ZODIAC MARITIME AGENCIES LTD",2001,2006,"",""
"479","ADANI SHIPPING (CHINA) CO LTD",2002,2006,"",""
"480","ATLANTIC HORIZON GROUP",2002,2006,"",""
"481","CARSTEN REHDER SCHIFFSMAKLER U",2002,2006,"",""
"482","COMPAGNIE DE NAVIGATION DU DET",2002,2006,"",""
"483","CONTAINERSHIPS LTD OY (CONTAIN",2002,2006,"",""
"484","CYPRUS MARITIME CO LTD",2002,2002,"",""
"485","DOUN KISEN KK",2002,2006,"",""
"486","EFSHIPPING CO SA PANAMA",2002,2002,"",""
"487","EICKE SCHIFFAHRTS KG",2002,2006,"",""
"488","MITSUI WAREHOUSE CO LTD  (MITS",2002,2006,"",""
"489","RED RIVER CARRIERS INC",2002,2006,"",""
"490","RIMORCHIATORI RIUNITI SPA",2002,2004,"",""
"491","SUISSE-ATLANTIQUE SOCIETE DE",2002,2006,"",""
"492","TEO SHIPPING CORP",2002,2006,"",""
"493","TONICHI SANGYO KK",2002,2004,"",""
"494","USUI KAIUN KK",2002,2004,"",""
"495","A&L CF DECEMBER (1) LTD",2003,2006,"",""
"496","ALLOCEAN LTD",2003,2006,"",""
"497","ALUNITED MARITIME BUSINESS (PV",2003,2006,"",""
"498","ARCTIC SHIPPING CO (OAO SK   A",2003,2006,"",""
"499","BARCLAYS BANK PLC",2003,2006,"",""
"500","BBG-BREMER BEREEDERUNGSGESELLS",2003,2006,"",""
"501","BERNHARD CRAMER SCHIFFAHRTS- U",2003,2006,"",""
"502","BESLEASING MOBILIARIA-SOCIEDAD",2003,2006,"",""
"503","COMMERCIAL FLEET OF DONBASS LT",2003,2006,"",""
"504","COSTA CONTAINER LINES SPA",2003,2006,"",""
"505","CP SHIPS LTD",2003,2006,"",""
"506","CYPRUS SEA LINES SA",2003,2003,"",""
"507","DALEX SHIPPING CO SA",2003,2006,"",""
"508","ER SCHIFFAHRT GMBH & CIE KG",2003,2003,"",""
"509","ERRIA A/S",2003,2006,"",""
"510","FLEET MANAGEMENT LTD",2003,2003,"",""
"511","FOROOHARI SCHIFFAHRTS KG (REED",2003,2006,"",""
"512","FUJIAN XINAN SHIPPING CO LTD",2003,2006,"",""
"513","GHS GLOBAL HANSEATIC SHIPPING",2003,2005,"",""
"514","HANSA TREUHAND SCHIFFSBETEILIG",2003,2006,"",""
"515","HANSEATIC LLOYD AG",2003,2006,"",""
"516","HSBC BANK PLC",2003,2006,"",""
"517","INTER SHIPPING CO LTD",2003,2006,"",""
"518","JSM-SHIPPING GMBH & CO KG",2003,2006,"",""
"519","KIKU KAIYO KOSAN KK  (KIKU OCE",2003,2006,"",""
"520","KIRAN GROUP OF SHIPPING COMPAN",2003,2003,"",""
"521","KRISTEN MARINE SA",2003,2004,"",""
"522","MARCONSULT SCHIFFAHRT GMBH & C",2003,2006,"",""
"523","MARYVILLE MARITIME INC",2003,2003,"",""
"524","NARU SHIPPING & MANAGEMENT CO",2003,2006,"",""
"525","NAVALMAR (UK) LTD",2003,2006,"",""
"526","NEPTUNE SHIPPING AGENCY LTD",2003,2006,"",""
"527","NIPPON STEEL SHIPPING CO LTD",2003,2005,"",""
"528","ORIENT INTERNATIONAL (HOLDING)",2003,2006,"",""
"529","PERKAPALAN DAI ZHUN SDN BHD  (",2003,2006,"",""
"530","PT PELAYARAN TIRTAMAS EXPRESS",2003,2005,"",""
"531","PT TARUNA CIPTA KENCANA",2003,2006,"",""
"532","PUSAKA LAUT PTE LTD",2003,2004,"",""
"533","ROSWELL NAVIGATION CORP",2003,2006,"",""
"534","SCHIFFAHRTSGESELLSCHAFT WOLFGA",2003,2006,"",""
"535","SEABON HOLDING CORP",2003,2006,"",""
"536","SEASPAN INTERNATIONAL LTD",2003,2006,"",""
"537","SETRAMAR NAVIGAZIONE SPA",2003,2005,"",""
"538","SETSUYO KISEN CO LTD",2003,2006,"",""
"539","SHIH WEI NAVIGATION CO LTD",2003,2006,"",""
"540","SHINHAN LEASING CO LTD",2003,2006,"",""
"541","STATE STREET BANK & TRUST CO",2003,2005,"",""
"542","STROFCOM SHIPPING CO LTD",2003,2006,"",""
"543","THE ANGLO-EASTERN GROUP",2003,2006,"",""
"544","VEGA-REEDEREI FRIEDRICH DAUBER",2003,2006,"",""
"545","W BOCKSTIEGEL REEDEREI GMBH &",2003,2006,"",""
"546","WINCO MARITIME LTD",2003,2004,"",""
"547","ARADOS SHIPPING CO SRL",2004,2006,"",""
"548","CAPABILITY BV",2004,2006,"",""
"549","CEYLINE SHIPPING LTD",2004,2006,"",""
"550","DEKAMAR SHIPPING & TRADING CO",2004,2006,"",""
"551","DELPHIS NV",2004,2005,"",""
"552","E-SHIPS INC",2004,2004,"",""
"553","FARGLORY SHIPMANAGEMENT PTE LT",2004,2006,"",""
"554","FORESIGHT LTD",2004,2004,"",""
"555","GEBRUDER AHRENS KG",2004,2006,"",""
"556","KANG LONG SHIPPING CO LTD",2004,2006,"",""
"557","NORDSTRAND MARITIME & TRADING",2004,2006,"",""
"558","PLATINUM CONTAINER LINES CO LT",2004,2006,"",""
"559","PT PELAYARAN MERATUS (MERATUS",2004,2006,"",""
"560","REEDEREI NAVYLLOYD AG",2004,2006,"",""
"561","SCHOELLER HOLDINGS LTD",2004,2006,"",""
"562","SEA CONSORTIUM PTE LTD",2004,2006,"",""
"563","VAPORES SUARDIAZ SA",2004,2004,"",""
"564","YONG HAI AGENCIES",2004,2006,"",""
"565","ALEXANDER & BALDWIN INC",2005,2006,"",""
"566","ALLOCEAN MARITIME LTD",2005,2006,"",""
"567","ANEMOS SHIPPING CO LTD",2005,2006,"",""
"568","BARCLAY SHIPPING LTD",2005,2005,"",""
"569","D OLTMANN GMBH & CO",2005,2006,"",""
"570","DALIAN SHIPPING GROUP DALIAN M",2005,2006,"",""
"571","DIANA SHIPPING INC",2005,2005,"",""
"572","EMARAT MARITIME LLC",2005,2006,"",""
"573","EMIRATES TRADING AGENCY LLC",2005,2005,"",""
"574","ERYX LTD",2005,2006,"",""
"575","FORMOSA PLASTICS MARINE CORP",2005,2006,"",""
"576","GENERAL FORWARDING & AGENCY CO",2005,2006,"",""
"577","GOVERNMENT OF THE DEMOCRATIC",2005,2005,"",""
"578","HANSA HAMBURG SHIPPING INTERNA",2005,2006,"",""
"579","HEINZ MOJE KG",2005,2006,"",""
"580","HONGZHOU SHIPPING CO LTD",2005,2006,"",""
"581","INTERNATIONAL SHIPHOLDING CORP",2005,2006,"",""
"582","INTERSCAN SCHIFFAHRTSGESELLSCH",2005,2006,"",""
"583","INTERSEE SCHIFFAHRTS-GESELLSCH",2005,2006,"",""
"584","JOHANN M K BLUMENTHAL GMBH & C",2005,2006,"",""
"585","LEADBETTER SDN BHD",2005,2006,"",""
"586","LIMARKO SHIPPING CO AB (LSCO)",2005,2006,"",""
"587","MOON KEUNG SHIPPING & TRANSPOR",2005,2006,"",""
"588","NEW ASIAN SHIPPING CO LTD",2005,2005,"",""
"589","NSC SCHIFFAHRTS MBH & CIE KG",2005,2006,"",""
"590","OCEANEX INC",2005,2006,"",""
"591","PASSAT SCHIFFAHRTS GMBH & CO K",2005,2006,"",""
"592","PORTLINE - TRANSPORTES MARITIM",2005,2006,"",""
"593","PT SENTOSA OCEAN LINE",2005,2006,"",""
"594","REEDEREIGRUPPE FREESE",2005,2006,"",""
"595","REITAKU KAIUN KK",2005,2005,"",""
"596","SALAM INTERNATIONAL TRANSPORT",2005,2005,"",""
"597","SANDIGAN SHIP SERVICES INC",2005,2006,"",""
"598","SCHEEPVAARTONDERNEMING 'GRETIN",2005,2006,"",""
"599","SCOTT SHIPPING MANAGEMENT LTD",2005,2006,"",""
"600","SHIP FINANCE INTERNATIONAL LTD",2005,2006,"",""
"601","SUNFED CORP",2005,2006,"",""
"602","TOYO KAIUN KK",2005,2006,"",""
"603","TRADEMAR PTE LTD",2005,2006,"",""
"604","US BANCORP",2005,2006,"",""
"605","VIETNAM NATIONAL SHIPPING LINE",2005,2006,"",""
"606","XSM CROSS SHIP MANAGEMENT GMBH",2005,2006,"",""
"607","ADRIA MARITIME SPA",2006,2006,"",""
"608","AFRICAN LEADER TRANSPORTS MARI",2006,2006,"",""
"609","AMISCO LTD (AMISCO AS)",2006,2006,"",""
"610","ARIES ENERGY CORP",2006,2006,"",""
"611","BALTHELLAS CHARTERING SA",2006,2006,"",""
"612","BD-SHIPSNAVO GMBH & CO REEDERE",2006,2006,"",""
"613","BROINTERMED LINES LTD",2006,2006,"",""
"614","CENTRANS OCEAN SHIPPING LOGIST",2006,2006,"",""
"615","CHINA YANTAI SHIPPING CO LTD",2006,2006,"",""
"616","CLIPPER GROUP (MANAGEMENT) LTD",2006,2006,"",""
"617","COMMERZ REAL FONDS   BETEILIGU",2006,2006,"",""
"618","DANIA MARINE",2006,2006,"",""
"619","DR PETERS GMBH & CO KG",2006,2006,"",""
"620","EUROSEAS LTD",2006,2006,"",""
"621","FAIR SHIP MANAGEMENT CO LTD",2006,2006,"",""
"622","FHH FONDS HAUS HAMBURG GESELLS",2006,2006,"",""
"623","GEBAB KONZEPTIONS-UND EMISSION",2006,2006,"",""
"624","GEMARTRANS SINGAPORE PTE LTD",2006,2006,"",""
"625","H SCHEPERS BEREEDERUNGS GMBH &",2006,2006,"",""
"626","HANSE CAPITAL GRUPPE",2006,2006,"",""
"627","HRC SHIPPING LTD",2006,2006,"",""
"628","HS BEREEDERUNGS GMBH & CO KG",2006,2006,"",""
"629","HUBLINE BERHAD",2006,2006,"",""
"630","INTERNATIONAL MARITIME CENTRE",2006,2006,"",""
"631","JENS & WALLER KG",2006,2006,"",""
"632","JIANGSU OCEAN SHIPPING CO LTD",2006,2006,"",""
"633","JOHAN SHIPPING SDN BHD",2006,2006,"",""
"634","JSC MINING & METALLURGICAL COM",2006,2006,"",""
"635","K&K SCHIFFAHRTS GMBH & CO KG",2006,2006,"",""
"636","KAALBYE SHIPPING INTERNATIONAL",2006,2006,"",""
"637","KAPITAN JOSEF GERDES SCHIFFAHR",2006,2006,"",""
"638","KG ALLGEMEINE LEASING GMBH & C",2006,2006,"",""
"639","KONIG & CIE GMBH & CO KG",2006,2006,"",""
"640","KONLINK SHIPPING (S) PTE LTD",2006,2006,"",""
"641","LUMAR (ODESSA) SA",2006,2006,"",""
"642","MAGELLAN CHARTERING SERVICES G",2006,2006,"",""
"643","MARUKICHI COMMERCE CO LTD",2006,2006,"",""
"644","MOOR MARITIME (JERSEY) LTD",2006,2006,"",""
"645","MPC MUNCHMEYER PETERSEN & CO G",2006,2006,"",""
"646","MYKLEBUSTHAUG MANAGEMENT AS",2006,2006,"",""
"647","NIKI SHIPPING CO INC",2006,2006,"",""
"648","NINGBO MARINE (GROUP) CO LTD (",2006,2006,"",""
"649","OWNERSHIP EMISSIONSHAUS GMBH",2006,2006,"",""
"650","PHOENIX REEDEREI BEREEDERUNGS",2006,2006,"",""
"651","POLARIS SHIPMANAGEMENT CO LTD",2006,2006,"",""
"652","PT PANN MULTI FINANCE (PERSERO",2006,2006,"",""
"653","PT PELAYARAN CARAKA TIRTA PERK",2006,2006,"",""
"654","PT PELAYARAN SINAR SANJAYA ABA",2006,2006,"",""
"655","REEDEREI  ANDRE WIECZOREK",2006,2006,"",""
"656","REEDEREI KARL SCHLUTER GMBH &",2006,2006,"",""
"657","SALAMON AG",2006,2006,"",""
"658","SANDFRAKT REDERI AS",2006,2006,"",""
"659","SEAGATE MARINE SRL",2006,2006,"",""
"660","SHIP INVEST EMISSIONSHAUS AG",2006,2006,"",""
"661","SKIPS AS ALEXANDRA",2006,2006,"",""
"662","SOHAE SONBAK CO LTD",2006,2006,"",""
"663","TOSHIN YUSOSEN CO LTD (TOSHIN",2006,2006,"",""
"664","TRANSMARITIMA DEL CARIBE LTDA",2006,2006,"",""
"665","TSINLIEN TRANSPORTATION CO LTD",2006,2006,"",""
"666","TUI AG",2006,2006,"",""
"667","UNITED MARINE CO SRL",2006,2006,"",""
"668","WINLAND SHIPPING CO LTD",2006,2006,"",""
"669","WOODWARD GROUP OF COMPANIES",2006,2006,"",""
"670","ZHEJIANG XINXIN SHIPPING CO LT",2006,2006,"",""
