"","year","data_source","operator","operator_rename","name in CIY","name in HB","merging_firm"
"1",1993,"IHS","'C.N.M. ROMLINE' SHIPPING CO.","'C.n.m. Romline' Shipping Co.",NA,NA,NA
"2",1990,"IHS","-","-","1990",NA,NA
"3",1991,"IHS","-","-",NA,NA,NA
"4",1990,"IHS","A BOTTACCHI SA DE NAVEGACION","A Bottacchi Sa De Navegacion","1990",NA,NA
"5",1991,"IHS","A BOTTACCHI SA DE NAVEGACION","A Bottacchi Sa De Navegacion",NA,NA,NA
"6",1990,"IHS","A P MOLLER","A P Moller","Maersk","Maersk",NA
"7",1991,"IHS","A P MOLLER","A P Moller","Maersk","Maersk",NA
"8",2003,"IHS","A&L CF DECEMBER (1) LTD","A&L Cf December (1) Ltd",NA,NA,"Santander Banco SA"
"9",2006,"IHS","A&L CF DECEMBER (1) LTD","A&L Cf December (1) Ltd",NA,"2006","Santander Banco SA"
"10",1992,"IHS","ABBEY NATIONAL PLC","Abbey National Plc",NA,NA,"Santander Banco SA"
"11",1997,"IHS","ABOITIZ TRANSPORT SYSTEM CORP","Aboitiz Transport System Corp",NA,NA,NA
"12",1992,"IHS","ACTINOR SHIPPING ASA","Actinor Shipping Asa",NA,NA,NA
"13",2002,"IHS","ADANI SHIPPING (CHINA) CO LTD","Adani Shipping (China) Co Ltd",NA,NA,NA
"14",2006,"IHS","ADANI SHIPPING (CHINA) CO LTD","Adani Shipping (China) Co Ltd",NA,"2006",NA
"15",2006,"IHS","ADRIA MARITIME SPA","Adria Maritime Spa",NA,"2006",NA
"16",2006,"IHS","AFRICAN LEADER TRANSPORTS MARI","African Leader Transports Mari",NA,"2006",NA
"17",1993,"IHS","AKI KAIUN CO LTD (AKI KAIUN KK","Aki Kaiun Co Ltd (Aki Kaiun Kk",NA,NA,NA
"18",2006,"IHS","AKI KAIUN CO LTD (AKI KAIUN KK","Aki Kaiun Co Ltd (Aki Kaiun Kk",NA,"2006",NA
"19",1998,"IHS","ALCYON SHIPPING CO LTD","Alcyon Shipping Co Ltd",NA,NA,NA
"20",2005,"IHS","ALEXANDER & BALDWIN INC","Alexander & Baldwin Inc",NA,NA,NA
"21",2006,"IHS","ALEXANDER & BALDWIN INC","Alexander & Baldwin Inc",NA,"2006",NA
"22",1990,"IHS","ALFRED C TOEPFER KG SCHIFFAHRT","Alfred C Toepfer Kg Schiffahrt","1990",NA,NA
"23",1991,"IHS","ALFRED C TOEPFER KG SCHIFFAHRT","Alfred C Toepfer Kg Schiffahrt",NA,NA,NA
"24",2003,"IHS","ALLOCEAN LTD","Allocean Ltd",NA,NA,NA
"25",2006,"IHS","ALLOCEAN LTD","Allocean Ltd",NA,"2006",NA
"26",2005,"IHS","ALLOCEAN MARITIME LTD","Allocean Maritime Ltd",NA,NA,NA
"27",2006,"IHS","ALLOCEAN MARITIME LTD","Allocean Maritime Ltd",NA,"2006",NA
"28",1999,"IHS","ALON MARITIME CORP","Alon Maritime Corp",NA,NA,NA
"29",1996,"IHS","ALPHA SHIP GMBH","Alpha Ship Gmbh",NA,NA,NA
"30",2006,"IHS","ALPHA SHIP GMBH","Alpha Ship Gmbh",NA,"2006",NA
"31",2003,"IHS","ALUNITED MARITIME BUSINESS (PV","Alunited Maritime Business (Pv",NA,NA,NA
"32",2006,"IHS","ALUNITED MARITIME BUSINESS (PV","Alunited Maritime Business (Pv",NA,"2006",NA
"33",1999,"IHS","AMASUS SHIPPING BV","Amasus Shipping Bv",NA,NA,NA
"34",2006,"IHS","AMISCO LTD (AMISCO AS)","Amisco Ltd (Amisco As)",NA,"2006",NA
"35",1990,"IHS","ANDREW WEIR & CO LTD","Andrew Weir & Co Ltd","1990",NA,NA
"36",1991,"IHS","ANDREW WEIR & CO LTD","Andrew Weir & Co Ltd",NA,NA,NA
"37",2005,"IHS","ANEMOS SHIPPING CO LTD","Anemos Shipping Co Ltd",NA,NA,NA
"38",2006,"IHS","ANEMOS SHIPPING CO LTD","Anemos Shipping Co Ltd",NA,"2006",NA
"39",1994,"IHS","ANGLO-EASTERN SHIP MANAGEMENT","Anglo-Eastern Ship Management",NA,NA,NA
"40",1990,"IHS","APL LTD","Apl Ltd","American President Lines",NA,"CMA-CGM"
"41",1991,"IHS","APL LTD","Apl Ltd","American President Lines",NA,"CMA-CGM"
"42",2004,"IHS","ARADOS SHIPPING CO SRL","Arados Shipping Co Srl",NA,NA,NA
"43",2006,"IHS","ARADOS SHIPPING CO SRL","Arados Shipping Co Srl",NA,"2006",NA
"44",2003,"IHS","ARCTIC SHIPPING CO (OAO SK   A","Arctic Shipping Co (Oao Sk   A",NA,NA,NA
"45",2006,"IHS","ARCTIC SHIPPING CO (OAO SK   A","Arctic Shipping Co (Oao Sk   A",NA,"2006",NA
"46",2006,"IHS","ARIES ENERGY CORP","Aries Energy Corp",NA,"2006","Lemissoler Shipping Group PCL"
"47",1999,"IHS","ARKAS GROUP OF COMPANIES","Arkas Group Of Companies",NA,NA,NA
"48",2006,"IHS","ARKAS GROUP OF COMPANIES","Arkas Group Of Companies",NA,"2006",NA
"49",2000,"IHS","ARKLOW SHIPPING LTD","Arklow Shipping Ltd",NA,NA,NA
"50",2001,"IHS","ASP PACIFIC HOLDINGS PTY LTD","Asp Pacific Holdings Pty Ltd",NA,NA,NA
"51",2006,"IHS","ASP PACIFIC HOLDINGS PTY LTD","Asp Pacific Holdings Pty Ltd",NA,"2006",NA
"52",2002,"IHS","ATLANTIC HORIZON GROUP","Atlantic Horizon Group",NA,NA,NA
"53",2006,"IHS","ATLANTIC HORIZON GROUP","Atlantic Horizon Group",NA,"2006",NA
"54",1997,"IHS","B NAVI SPA","B Navi Spa",NA,NA,NA
"55",2006,"IHS","B NAVI SPA","B Navi Spa",NA,"2006",NA
"56",2006,"IHS","BALTHELLAS CHARTERING SA","Balthellas Chartering Sa",NA,"2006",NA
"57",1992,"IHS","BALTIC SHIPPING CO","Baltic Shipping Co",NA,NA,NA
"58",1997,"IHS","BALTIMAR A/S LTD","Baltimar A/S Ltd",NA,NA,NA
"59",1990,"IHS","BANK OF AMERICA NATIONAL TRUST","Bank Of America National Trust","1990",NA,NA
"60",1991,"IHS","BANK OF AMERICA NATIONAL TRUST","Bank Of America National Trust",NA,NA,NA
"61",1990,"IHS","BANK OF SCOTLAND","Bank Of Scotland","1990",NA,NA
"62",1991,"IHS","BANK OF SCOTLAND","Bank Of Scotland",NA,NA,NA
"63",2005,"IHS","BARCLAY SHIPPING LTD","Barclay Shipping Ltd",NA,NA,"BARCLAY SHIPPING"
"64",2003,"IHS","BARCLAYS BANK PLC","Barclays Bank Plc",NA,NA,NA
"65",2006,"IHS","BARCLAYS BANK PLC","Barclays Bank Plc",NA,"2006",NA
"66",1990,"IHS","BAUM & CO GMBH & CO KG","Baum & Co Gmbh & Co Kg","1990",NA,NA
"67",1991,"IHS","BAUM & CO GMBH & CO KG","Baum & Co Gmbh & Co Kg",NA,NA,NA
"68",1999,"IHS","BAYRAKTAR GEMI ISLETMECILIGI","Bayraktar Gemi Isletmeciligi",NA,NA,NA
"69",2006,"IHS","BAYRAKTAR GEMI ISLETMECILIGI","Bayraktar Gemi Isletmeciligi",NA,"2006",NA
"70",2000,"IHS","BBC - BURGER BEREEDERUNGS CONT","Bbc - Burger Bereederungs Cont",NA,NA,NA
"71",2003,"IHS","BBG-BREMER BEREEDERUNGSGESELLS","Bbg-Bremer Bereederungsgesells",NA,NA,NA
"72",2006,"IHS","BBG-BREMER BEREEDERUNGSGESELLS","Bbg-Bremer Bereederungsgesells",NA,"2006",NA
"73",2006,"IHS","BD-SHIPSNAVO GMBH & CO REEDERE","Bd-Shipsnavo Gmbh & Co Reedere",NA,"2006",NA
"74",1999,"IHS","BELUGA SHIPPING GMBH","Beluga Shipping Gmbh",NA,NA,NA
"75",2006,"IHS","BELUGA SHIPPING GMBH","Beluga Shipping Gmbh",NA,"2006",NA
"76",1990,"IHS","BEN LINE GROUP LTD (WM THOMSON","Ben Line Group Ltd (Wm Thomson","1990",NA,NA
"77",1991,"IHS","BEN LINE GROUP LTD (WM THOMSON","Ben Line Group Ltd (Wm Thomson",NA,NA,NA
"78",1990,"IHS","BERND BECKER KG","Bernd Becker Kg","1990",NA,NA
"79",1991,"IHS","BERND BECKER KG","Bernd Becker Kg",NA,NA,NA
"80",2003,"IHS","BERNHARD CRAMER SCHIFFAHRTS- U","Bernhard Cramer Schiffahrts- U",NA,NA,NA
"81",2006,"IHS","BERNHARD CRAMER SCHIFFAHRTS- U","Bernhard Cramer Schiffahrts- U",NA,"2006",NA
"82",1999,"IHS","BERNUTH AGENCIES INC","Bernuth Agencies Inc",NA,NA,NA
"83",2006,"IHS","BERNUTH AGENCIES INC","Bernuth Agencies Inc",NA,"2006",NA
"84",2003,"IHS","BESLEASING MOBILIARIA-SOCIEDAD","Besleasing Mobiliaria-Sociedad",NA,NA,NA
"85",2006,"IHS","BESLEASING MOBILIARIA-SOCIEDAD","Besleasing Mobiliaria-Sociedad",NA,"2006",NA
"86",1992,"IHS","BLACK SEA SHIPPING CO  (CHERNO","Black Sea Shipping Co  (Cherno",NA,NA,NA
"87",1996,"IHS","BOYANG SHIPPING CO LTD","Boyang Shipping Co Ltd",NA,NA,NA
"88",2000,"IHS","BRIESE SCHIFFAHRTS GMBH & CO K","Briese Schiffahrts Gmbh & Co K",NA,NA,NA
"89",2006,"IHS","BRIESE SCHIFFAHRTS GMBH & CO K","Briese Schiffahrts Gmbh & Co K",NA,"2006",NA
"90",1996,"IHS","BRINK & WOLFFEL","Brink & Wolffel",NA,NA,NA
"91",2006,"IHS","BRINK & WOLFFEL","Brink & Wolffel",NA,"2006",NA
"92",1998,"IHS","BRISE SCHIFFAHRTS GMBH","Brise Schiffahrts Gmbh",NA,NA,NA
"93",2006,"IHS","BRISE SCHIFFAHRTS GMBH","Brise Schiffahrts Gmbh",NA,"2006",NA
"94",2006,"IHS","BROINTERMED LINES LTD","Brointermed Lines Ltd",NA,"2006",NA
"95",1997,"IHS","BROVIGS REDERI AS","Brovigs Rederi As",NA,NA,NA
"96",1997,"IHS","BUDISUKMA SDN BHD","Budisukma Sdn Bhd",NA,NA,"Global Carriers Bhd"
"97",1990,"IHS","BUGSIER-REEDEREI-UND BERGUNGS-","Bugsier-Reederei-Und Bergungs-","1990",NA,NA
"98",1991,"IHS","BUGSIER-REEDEREI-UND BERGUNGS-","Bugsier-Reederei-Und Bergungs-",NA,NA,NA
"99",2000,"IHS","BULLS TANKREDERI A/S","Bulls Tankrederi A/S",NA,NA,NA
"100",2006,"IHS","BULLS TANKREDERI A/S","Bulls Tankrederi A/S",NA,"2006",NA
"101",1990,"IHS","BURMA NAVIGATION CORP","Burma Navigation Corp","1990",NA,NA
"102",1991,"IHS","BURMA NAVIGATION CORP","Burma Navigation Corp",NA,NA,NA
"103",1992,"IHS","BUSAN SHIPPING CO LTD","Busan Shipping Co Ltd",NA,NA,"EUROSEAS LTD"
"104",1990,"IHS","C& LINE CO LTD","C& Line Co Ltd","1990",NA,NA
"105",1991,"IHS","C& LINE CO LTD","C& Line Co Ltd",NA,NA,NA
"106",1992,"IHS","CABOTAGE VENEZOLANO 'CABOVEN'","Cabotage Venezolano 'Caboven'",NA,NA,NA
"107",2004,"IHS","CAPABILITY BV","Capability Bv",NA,NA,NA
"108",2006,"IHS","CAPABILITY BV","Capability Bv",NA,"2006",NA
"109",2001,"IHS","CAPITAL BANK PLC","Capital Bank Plc",NA,NA,NA
"110",2006,"IHS","CAPITAL BANK PLC","Capital Bank Plc",NA,"2006",NA
"111",2000,"IHS","CARDIFF MARINE INC","Cardiff Marine Inc",NA,NA,NA
"112",1996,"IHS","CARL F PETERS (GMBH & CO)","Carl F Peters (Gmbh & Co)",NA,NA,"Frank Eberhardt"
"113",2002,"IHS","CARSTEN REHDER SCHIFFSMAKLER U","Carsten Rehder Schiffsmakler U",NA,NA,NA
"114",2006,"IHS","CARSTEN REHDER SCHIFFSMAKLER U","Carsten Rehder Schiffsmakler U",NA,"2006",NA
"115",1998,"IHS","CENTRAL MARINE KK  (CENTRAL MA","Central Marine Kk  (Central Ma",NA,NA,NA
"116",2006,"IHS","CENTRAL MARINE KK  (CENTRAL MA","Central Marine Kk  (Central Ma",NA,"2006",NA
"117",1994,"IHS","CENTRAL SHIPPING CO. INC.","Central Shipping Co. Inc.",NA,NA,NA
"118",2006,"IHS","CENTRANS OCEAN SHIPPING LOGIST","Centrans Ocean Shipping Logist",NA,"2006",NA
"119",2004,"IHS","CEYLINE SHIPPING LTD","Ceyline Shipping Ltd",NA,NA,NA
"120",2006,"IHS","CEYLINE SHIPPING LTD","Ceyline Shipping Ltd",NA,"2006",NA
"121",1990,"IHS","CHENG LIE NAVIGATION CO LTD","Cheng Lie Navigation Co Ltd","1990",NA,"CMA-CGM"
"122",1991,"IHS","CHENG LIE NAVIGATION CO LTD","Cheng Lie Navigation Co Ltd",NA,NA,"CMA-CGM"
"123",1992,"IHS","CHINA MERCHANTS STEAM NAVIGATI","China Merchants Steam Navigati",NA,NA,"China Merchants Group"
"124",1998,"IHS","CHINA NATIONAL FOREIGN TRADE","China National Foreign Trade",NA,NA,NA
"125",2006,"IHS","CHINA NATIONAL FOREIGN TRADE","China National Foreign Trade",NA,"2006",NA
"126",1990,"IHS","CHINA OCEAN SHIPPING (GROUP) C","China Ocean Shipping (Group) C","Cosco","Cosco",NA
"127",1991,"IHS","CHINA OCEAN SHIPPING (GROUP) C","China Ocean Shipping (Group) C","Cosco","Cosco",NA
"128",1999,"IHS","CHINA SHIPPING (GROUP) CO","China Shipping (Group) Co",NA,NA,"COSCO"
"129",2006,"IHS","CHINA SHIPPING (GROUP) CO","China Shipping (Group) Co",NA,"2006","COSCO"
"130",2006,"IHS","CHINA YANTAI SHIPPING CO LTD","China Yantai Shipping Co Ltd",NA,"2006",NA
"131",1998,"IHS","CHIOS MARITIME SA","Chios Maritime Sa",NA,NA,NA
"132",2006,"IHS","CHIOS MARITIME SA","Chios Maritime Sa",NA,"2006",NA
"133",1992,"IHS","CHIQUITA BRANDS INTERNATIONAL","Chiquita Brands International",NA,NA,NA
"134",2006,"IHS","CHIQUITA BRANDS INTERNATIONAL","Chiquita Brands International",NA,"2006",NA
"135",1997,"IHS","CHONG FUI SHIPPING & FORWARDIN","Chong Fui Shipping & Forwardin",NA,NA,NA
"136",1990,"IHS","CHRISTIAN F AHRENKIEL GMBH & C","Christian F Ahrenkiel Gmbh & C","1990",NA,NA
"137",1991,"IHS","CHRISTIAN F AHRENKIEL GMBH & C","Christian F Ahrenkiel Gmbh & C",NA,NA,NA
"138",2001,"IHS","CIEL SHIPMANAGEMENT SA","Ciel Shipmanagement Sa",NA,NA,"COSTAMARE SHIPPING CO SA"
"139",1990,"IHS","CITICORP","Citicorp","1990",NA,NA
"140",1991,"IHS","CITICORP","Citicorp",NA,NA,NA
"141",2006,"IHS","CLIPPER GROUP (MANAGEMENT) LTD","Clipper Group (Management) Ltd",NA,"2006",NA
"142",2000,"IHS","CMA CGM HOLDING","Cma Cgm Holding",NA,"CMA-CGM",NA
"143",2006,"IHS","CMA CGM HOLDING","Cma Cgm Holding",NA,"CMA-CGM",NA
"144",1990,"IHS","COLONIAL MARINE INDUSTRIES INC","Colonial Marine Industries Inc","1990",NA,NA
"145",1992,"IHS","COLONIAL MARINE INDUSTRIES INC","Colonial Marine Industries Inc",NA,NA,NA
"146",1992,"IHS","COLUMBIA SHIPMANAGEMENT LTD","Columbia Shipmanagement Ltd",NA,NA,"Schoeller Holdings Ltd"
"147",2006,"IHS","COLUMBIA SHIPMANAGEMENT LTD","Columbia Shipmanagement Ltd",NA,"2006","Schoeller Holdings Ltd"
"148",2003,"IHS","COMMERCIAL FLEET OF DONBASS LT","Commercial Fleet Of Donbass Lt",NA,NA,NA
"149",2006,"IHS","COMMERCIAL FLEET OF DONBASS LT","Commercial Fleet Of Donbass Lt",NA,"2006",NA
"150",2006,"IHS","COMMERZ REAL FONDS   BETEILIGU","Commerz Real Fonds   Beteiligu",NA,"2006",NA
"151",2002,"IHS","COMPAGNIE DE NAVIGATION DU DET","Compagnie De Navigation Du Det",NA,NA,NA
"152",2006,"IHS","COMPAGNIE DE NAVIGATION DU DET","Compagnie De Navigation Du Det",NA,"2006",NA
"153",1990,"IHS","COMPAGNIE GENERALE MARITIME  E","Compagnie Generale Maritime  E","1990",NA,NA
"154",1991,"IHS","COMPAGNIE GENERALE MARITIME  E","Compagnie Generale Maritime  E",NA,NA,NA
"155",1997,"IHS","COMPAGNIE MARITIME MARFRET","Compagnie Maritime Marfret",NA,NA,NA
"156",2006,"IHS","COMPAGNIE MARITIME MARFRET","Compagnie Maritime Marfret",NA,"2006",NA
"157",1990,"IHS","COMPAGNIE MAROCAINE DE NAVIGAT","Compagnie Marocaine De Navigat","1990",NA,"CMA-CGM"
"158",1991,"IHS","COMPAGNIE MAROCAINE DE NAVIGAT","Compagnie Marocaine De Navigat",NA,NA,"CMA-CGM"
"159",1992,"IHS","COMPANIA ISCOMAR SA","Compania Iscomar Sa",NA,NA,NA
"160",1990,"IHS","COMPANIA MARITIMA","Compania Maritima","1990",NA,"Maersk"
"161",1991,"IHS","COMPANIA MARITIMA","Compania Maritima",NA,NA,"Maersk"
"162",1990,"IHS","COMPANIA SUDAMERICANA  DE VAPO","Compania Sudamericana  De Vapo","1990",NA,NA
"163",1991,"IHS","COMPANIA SUDAMERICANA  DE VAPO","Compania Sudamericana  De Vapo",NA,NA,NA
"164",1990,"IHS","COMPANIA TRASATLANTICA ESPANOL","Compania Trasatlantica Espanol","1990",NA,"Naviera del Odiel"
"165",1991,"IHS","COMPANIA TRASATLANTICA ESPANOL","Compania Trasatlantica Espanol",NA,NA,"Naviera del Odiel"
"166",2002,"IHS","CONTAINERSHIPS LTD OY (CONTAIN","Containerships Ltd Oy (Contain",NA,NA,NA
"167",2006,"IHS","CONTAINERSHIPS LTD OY (CONTAIN","Containerships Ltd Oy (Contain",NA,"2006",NA
"168",1997,"IHS","CONTAL SHIPPING LTD","Contal Shipping Ltd",NA,NA,NA
"169",2006,"IHS","CONTAL SHIPPING LTD","Contal Shipping Ltd",NA,"2006",NA
"170",1998,"IHS","CONTAZ MARITIME TRANSPORT & TR","Contaz Maritime Transport & Tr",NA,NA,NA
"171",2006,"IHS","CONTAZ MARITIME TRANSPORT & TR","Contaz Maritime Transport & Tr",NA,"2006",NA
"172",1992,"IHS","CONTENEMAR SA","Contenemar Sa",NA,NA,NA
"173",2006,"IHS","CONTENEMAR SA","Contenemar Sa",NA,"2006",NA
"174",1990,"IHS","CONTI REEDEREI","Conti Reederei","1990",NA,NA
"175",1991,"IHS","CONTI REEDEREI","Conti Reederei",NA,NA,NA
"176",2000,"IHS","COSMOSHIP MANAGEMENT SA","Cosmoship Management Sa",NA,NA,NA
"177",2006,"IHS","COSMOSHIP MANAGEMENT SA","Cosmoship Management Sa",NA,"2006",NA
"178",2003,"IHS","COSTA CONTAINER LINES SPA","Costa Container Lines Spa",NA,NA,NA
"179",2006,"IHS","COSTA CONTAINER LINES SPA","Costa Container Lines Spa",NA,"2006",NA
"180",1990,"IHS","COSTAMARE SHIPPING CO SA","Costamare Shipping Co Sa","1990",NA,NA
"181",1991,"IHS","COSTAMARE SHIPPING CO SA","Costamare Shipping Co Sa",NA,NA,NA
"182",2003,"IHS","CP SHIPS LTD","Cp Ships Ltd",NA,"CP Ships","Hapag-Lloyd"
"183",2006,"IHS","CP SHIPS LTD","Cp Ships Ltd",NA,"CP Ships","Hapag-Lloyd"
"184",1994,"IHS","CROWLEY MARITIME CORP","Crowley Maritime Corp",NA,NA,NA
"185",2002,"IHS","CYPRUS MARITIME CO LTD","Cyprus Maritime Co Ltd",NA,NA,"CYPRUS SEA LINES SA"
"186",2003,"IHS","CYPRUS SEA LINES SA","Cyprus Sea Lines Sa",NA,NA,NA
"187",1990,"IHS","D'AMICO SOCIETA DI NAVIGAZIONE","D'amico Societa Di Navigazione","1990",NA,NA
"188",1991,"IHS","D'AMICO SOCIETA DI NAVIGAZIONE","D'amico Societa Di Navigazione",NA,NA,NA
"189",1994,"IHS","D EFTHYMIOU SHIPPING SA","D Efthymiou Shipping Sa",NA,NA,NA
"190",2005,"IHS","D OLTMANN GMBH & CO","D Oltmann Gmbh & Co",NA,NA,NA
"191",2006,"IHS","D OLTMANN GMBH & CO","D Oltmann Gmbh & Co",NA,"2006",NA
"192",2003,"IHS","DALEX SHIPPING CO SA","Dalex Shipping Co Sa",NA,NA,NA
"193",2006,"IHS","DALEX SHIPPING CO SA","Dalex Shipping Co Sa",NA,"2006",NA
"194",2005,"IHS","DALIAN SHIPPING GROUP DALIAN M","Dalian Shipping Group Dalian M",NA,NA,NA
"195",2006,"IHS","DALIAN SHIPPING GROUP DALIAN M","Dalian Shipping Group Dalian M",NA,"2006",NA
"196",1993,"IHS","DANAOS SHIPPING CO LTD","Danaos Shipping Co Ltd",NA,NA,NA
"197",2006,"IHS","DANAOS SHIPPING CO LTD","Danaos Shipping Co Ltd",NA,"2006",NA
"198",2006,"IHS","DANIA MARINE","Dania Marine",NA,"2006",NA
"199",1990,"IHS","DANSK INVESTERINGSFOND AF 1JUL","Dansk Investeringsfond Af 1jul","1990",NA,NA
"200",1991,"IHS","DANSK INVESTERINGSFOND AF 1JUL","Dansk Investeringsfond Af 1jul",NA,NA,NA
"201",1997,"IHS","DANSK SUPERMARKED INVEST A/S","Dansk Supermarked Invest A/S",NA,NA,"Maersk"
"202",2000,"IHS","DEHAI MARINE SHIPPING (SINGAPO","Dehai Marine Shipping (Singapo",NA,NA,"Wilton Resources Corp Ltd"
"203",2004,"IHS","DEKAMAR SHIPPING & TRADING CO","Dekamar Shipping & Trading Co",NA,NA,NA
"204",2006,"IHS","DEKAMAR SHIPPING & TRADING CO","Dekamar Shipping & Trading Co",NA,"2006",NA
"205",1990,"IHS","DELMAS","Delmas","1990","Delmas","CMA-CGM"
"206",1991,"IHS","DELMAS","Delmas",NA,"Delmas","CMA-CGM"
"207",2004,"IHS","DELPHIS NV","Delphis Nv",NA,NA,NA
"208",2001,"IHS","DENAK DEPOCULUK VE NAKLIYECILI","Denak Depoculuk Ve Nakliyecili",NA,NA,NA
"209",2005,"IHS","DIANA SHIPPING INC","Diana Shipping Inc",NA,NA,NA
"210",1992,"IHS","DIETRICH TAMKE KG","Dietrich Tamke Kg",NA,NA,NA
"211",2006,"IHS","DIETRICH TAMKE KG","Dietrich Tamke Kg",NA,"2006",NA
"212",1995,"IHS","DIORYX MARITIME CORP","Dioryx Maritime Corp",NA,NA,NA
"213",2006,"IHS","DIORYX MARITIME CORP","Dioryx Maritime Corp",NA,"2006",NA
"214",1990,"IHS","DMK LEASING A/S","Dmk Leasing A/S","1990",NA,NA
"215",1991,"IHS","DMK LEASING A/S","Dmk Leasing A/S",NA,NA,NA
"216",1995,"IHS","DOLE FOOD CO","Dole Food Co",NA,NA,NA
"217",2006,"IHS","DOLE FOOD CO","Dole Food Co",NA,"2006",NA
"218",1999,"IHS","DONG JIN SHIPPING CO LTD","Dong Jin Shipping Co Ltd",NA,NA,NA
"219",2006,"IHS","DONG JIN SHIPPING CO LTD","Dong Jin Shipping Co Ltd",NA,"2006",NA
"220",1994,"IHS","DORIS MARITIME SERVICES SA","Doris Maritime Services Sa",NA,NA,NA
"221",2006,"IHS","DORIS MARITIME SERVICES SA","Doris Maritime Services Sa",NA,"2006",NA
"222",2002,"IHS","DOUN KISEN KK","Doun Kisen Kk",NA,NA,NA
"223",2006,"IHS","DOUN KISEN KK","Doun Kisen Kk",NA,"2006",NA
"224",2006,"IHS","DR PETERS GMBH & CO KG","Dr Peters Gmbh & Co Kg",NA,"2006",NA
"225",1995,"IHS","DT-BEREEDERUNGS GMBH & CO. KG","Dt-Bereederungs Gmbh & Co. Kg",NA,NA,NA
"226",2006,"IHS","DT-BEREEDERUNGS GMBH & CO. KG","Dt-Bereederungs Gmbh & Co. Kg",NA,"2006",NA
"227",1990,"IHS","DYVI AS","Dyvi As","1990",NA,NA
"228",1991,"IHS","DYVI AS","Dyvi As",NA,NA,NA
"229",2004,"IHS","E-SHIPS INC","E-Ships Inc",NA,NA,NA
"230",1997,"IHS","E NOMIKOS CORP","E Nomikos Corp",NA,NA,NA
"231",1998,"IHS","EAGLE MARITIME CO LTD","Eagle Maritime Co Ltd",NA,NA,NA
"232",2006,"IHS","EAGLE MARITIME CO LTD","Eagle Maritime Co Ltd",NA,"2006",NA
"233",1995,"IHS","EASTERN STAR SHIPPING CO LTD","Eastern Star Shipping Co Ltd",NA,NA,NA
"234",1992,"IHS","ECHO HILL LTD","Echo Hill Ltd",NA,NA,NA
"235",2002,"IHS","EFSHIPPING CO SA PANAMA","Efshipping Co Sa Panama",NA,NA,NA
"236",1990,"IHS","EGON OLDENDORFF OHG","Egon Oldendorff Ohg","1990",NA,NA
"237",1991,"IHS","EGON OLDENDORFF OHG","Egon Oldendorff Ohg",NA,NA,NA
"238",1999,"IHS","EHIME KISEN KK","Ehime Kisen Kk",NA,NA,NA
"239",2006,"IHS","EHIME KISEN KK","Ehime Kisen Kk",NA,"2006",NA
"240",2002,"IHS","EICKE SCHIFFAHRTS KG","Eicke Schiffahrts Kg",NA,NA,"Eicke Reederei GmbH & Co KG"
"241",2006,"IHS","EICKE SCHIFFAHRTS KG","Eicke Schiffahrts Kg",NA,"2006","Eicke Reederei GmbH & Co KG"
"242",2001,"IHS","EITZEN GROUP (CAMILLO EITZEN &","Eitzen Group (Camillo Eitzen &",NA,NA,"Eitzen Holding AS"
"243",2005,"IHS","EMARAT MARITIME LLC","Emarat Maritime Llc",NA,NA,NA
"244",2006,"IHS","EMARAT MARITIME LLC","Emarat Maritime Llc",NA,"2006",NA
"245",2005,"IHS","EMIRATES TRADING AGENCY LLC","Emirates Trading Agency Llc",NA,NA,NA
"246",1997,"IHS","ENTERPRISES SHIPPING & TRADING","Enterprises Shipping & Trading",NA,NA,NA
"247",2003,"IHS","ER SCHIFFAHRT GMBH & CIE KG","Er Schiffahrt Gmbh & Cie Kg",NA,NA,NA
"248",1990,"IHS","ERIK THUN A/B","Erik Thun A/B","1990",NA,NA
"249",1991,"IHS","ERIK THUN A/B","Erik Thun A/B",NA,NA,NA
"250",1997,"IHS","ERNST-AUGUST VON ALLWORDEN","Ernst-August Von Allworden",NA,NA,NA
"251",2006,"IHS","ERNST-AUGUST VON ALLWORDEN","Ernst-August Von Allworden",NA,"2006",NA
"252",1994,"IHS","ERNST KOMROWSKI REEDEREI KG (G","Ernst Komrowski Reederei Kg (G",NA,NA,NA
"253",2006,"IHS","ERNST KOMROWSKI REEDEREI KG (G","Ernst Komrowski Reederei Kg (G",NA,"2006",NA
"254",1992,"IHS","ERNST RUSS GMBH & CO KG","Ernst Russ Gmbh & Co Kg",NA,NA,"Ernst Russ AG"
"255",2006,"IHS","ERNST RUSS GMBH & CO KG","Ernst Russ Gmbh & Co Kg",NA,"2006","Ernst Russ AG"
"256",2003,"IHS","ERRIA A/S","Erria A/S",NA,NA,NA
"257",2006,"IHS","ERRIA A/S","Erria A/S",NA,"2006",NA
"258",2005,"IHS","ERYX LTD","Eryx Ltd",NA,NA,NA
"259",2006,"IHS","ERYX LTD","Eryx Ltd",NA,"2006",NA
"260",1995,"IHS","ESMERALDA SCHIFFAHRTS- VERWALT","Esmeralda Schiffahrts- Verwalt",NA,NA,NA
"261",2006,"IHS","ESMERALDA SCHIFFAHRTS- VERWALT","Esmeralda Schiffahrts- Verwalt",NA,"2006",NA
"262",2000,"IHS","ESSCO (HELLAS) LTD","Essco (Hellas) Ltd",NA,NA,NA
"263",1999,"IHS","EURASIA INTERNATIONAL (SINGAPO","Eurasia International (Singapo",NA,NA,NA
"264",2000,"IHS","EUROBULK LTD","Eurobulk Ltd",NA,NA,"EUROSEAS LTD"
"265",2006,"IHS","EUROSEAS LTD","Euroseas Ltd",NA,"2006",NA
"266",1990,"IHS","EVERGREEN MARINE CORP (TAIWAN)","Evergreen Marine Corp (Taiwan)","Evergreen","Evergreen",NA
"267",1991,"IHS","EVERGREEN MARINE CORP (TAIWAN)","Evergreen Marine Corp (Taiwan)","Evergreen","Evergreen",NA
"268",1990,"IHS","F A VINNEN & CO (GMBH & CO KG)","F A Vinnen & Co (Gmbh & Co Kg)","1990",NA,NA
"269",1991,"IHS","F A VINNEN & CO (GMBH & CO KG)","F A Vinnen & Co (Gmbh & Co Kg)",NA,NA,NA
"270",1990,"IHS","F LAEISZ SCHIFFAHRTSGESELLSCHA","F Laeisz Schiffahrtsgesellscha","1990",NA,NA
"271",1991,"IHS","F LAEISZ SCHIFFAHRTSGESELLSCHA","F Laeisz Schiffahrtsgesellscha",NA,NA,NA
"272",2006,"IHS","FAIR SHIP MANAGEMENT CO LTD","Fair Ship Management Co Ltd",NA,"2006",NA
"273",1995,"IHS","FAIRWEATHER STEAMSHIP CO LTD","Fairweather Steamship Co Ltd",NA,NA,NA
"274",1990,"IHS","FAR-EAST TRANSPORT CO LTD","Far-East Transport Co Ltd","1990",NA,NA
"275",1991,"IHS","FAR-EAST TRANSPORT CO LTD","Far-East Transport Co Ltd",NA,NA,NA
"276",1992,"IHS","FAR-EASTERN SHIPPING CO  (FESC","Far-Eastern Shipping Co  (Fesc",NA,NA,NA
"277",2006,"IHS","FAR-EASTERN SHIPPING CO  (FESC","Far-Eastern Shipping Co  (Fesc",NA,"2006",NA
"278",1995,"IHS","FAR EAST ENTERPRISING CO (HK)","Far East Enterprising Co (Hk)",NA,NA,NA
"279",2004,"IHS","FARGLORY SHIPMANAGEMENT PTE LT","Farglory Shipmanagement Pte Lt",NA,NA,NA
"280",2006,"IHS","FARGLORY SHIPMANAGEMENT PTE LT","Farglory Shipmanagement Pte Lt",NA,"2006",NA
"281",1990,"IHS","FARRELL LINES INC","Farrell Lines Inc","Farrell Lines",NA,"Maersk"
"282",1991,"IHS","FARRELL LINES INC","Farrell Lines Inc","Farrell Lines",NA,"Maersk"
"283",2006,"IHS","FHH FONDS HAUS HAMBURG GESELLS","Fhh Fonds Haus Hamburg Gesells",NA,"2006",NA
"284",2003,"IHS","FLEET MANAGEMENT LTD","Fleet Management Ltd",NA,NA,NA
"285",1994,"IHS","FLEET NATIONAL BANK OF CONNECT","Fleet National Bank Of Connect",NA,NA,NA
"286",1990,"IHS","FLENSBURGER SCHIFFSPARTEN-VERE","Flensburger Schiffsparten-Vere","1990",NA,NA
"287",1991,"IHS","FLENSBURGER SCHIFFSPARTEN-VERE","Flensburger Schiffsparten-Vere",NA,NA,NA
"288",1994,"IHS","FLOTA MERCANTE GRANCOLOMBIANA","Flota Mercante Grancolombiana",NA,NA,NA
"289",1995,"IHS","FLYING LEAF SHIPPING LTD","Flying Leaf Shipping Ltd",NA,NA,NA
"290",2006,"IHS","FLYING LEAF SHIPPING LTD","Flying Leaf Shipping Ltd",NA,"2006",NA
"291",2004,"IHS","FORESIGHT LTD","Foresight Ltd",NA,NA,NA
"292",2005,"IHS","FORMOSA PLASTICS MARINE CORP","Formosa Plastics Marine Corp",NA,NA,NA
"293",2006,"IHS","FORMOSA PLASTICS MARINE CORP","Formosa Plastics Marine Corp",NA,"2006",NA
"294",2003,"IHS","FOROOHARI SCHIFFAHRTS KG (REED","Foroohari Schiffahrts Kg (Reed",NA,NA,NA
"295",2006,"IHS","FOROOHARI SCHIFFAHRTS KG (REED","Foroohari Schiffahrts Kg (Reed",NA,"2006",NA
"296",2000,"IHS","FORTUNE GLORY PTE LTD","Fortune Glory Pte Ltd",NA,NA,NA
"297",2006,"IHS","FORTUNE GLORY PTE LTD","Fortune Glory Pte Ltd",NA,"2006",NA
"298",1994,"IHS","FRIEDHELM DEDE KG","Friedhelm Dede Kg",NA,NA,"HS BEREEDERUNGS GMBH & CO KG"
"299",2006,"IHS","FRIEDHELM DEDE KG","Friedhelm Dede Kg",NA,"2006","HS BEREEDERUNGS GMBH & CO KG"
"300",1994,"IHS","FUH FUNG NAVIGATION AGENCY LTD","Fuh Fung Navigation Agency Ltd",NA,NA,NA
"301",2003,"IHS","FUJIAN XINAN SHIPPING CO LTD","Fujian Xinan Shipping Co Ltd",NA,NA,NA
"302",2006,"IHS","FUJIAN XINAN SHIPPING CO LTD","Fujian Xinan Shipping Co Ltd",NA,"2006",NA
"303",1997,"IHS","FUKUJIN KISEN KK","Fukujin Kisen Kk",NA,NA,NA
"304",2006,"IHS","FUKUJIN KISEN KK","Fukujin Kisen Kk",NA,"2006",NA
"305",1992,"IHS","FUKUSEI SANGYO KK","Fukusei Sangyo Kk",NA,NA,NA
"306",2006,"IHS","FUKUSEI SANGYO KK","Fukusei Sangyo Kk",NA,"2006",NA
"307",1997,"IHS","FUYO KAIUN CO LTD","Fuyo Kaiun Co Ltd",NA,NA,NA
"308",1996,"IHS","FUYO KAIUN SHIPMANAGEMENT CORP","Fuyo Kaiun Shipmanagement Corp",NA,NA,NA
"309",1990,"IHS","GATX CORP","Gatx Corp","1990",NA,NA
"310",1991,"IHS","GATX CORP","Gatx Corp",NA,NA,NA
"311",2006,"IHS","GEBAB KONZEPTIONS-UND EMISSION","Gebab Konzeptions-Und Emission",NA,"2006",NA
"312",2004,"IHS","GEBRUDER AHRENS KG","Gebruder Ahrens Kg",NA,NA,NA
"313",2006,"IHS","GEBRUDER AHRENS KG","Gebruder Ahrens Kg",NA,"2006",NA
"314",1998,"IHS","GEFONZO BV","Gefonzo Bv",NA,NA,NA
"315",2006,"IHS","GEFONZO BV","Gefonzo Bv",NA,"2006",NA
"316",2006,"IHS","GEMARTRANS SINGAPORE PTE LTD","Gemartrans Singapore Pte Ltd",NA,"2006",NA
"317",2005,"IHS","GENERAL FORWARDING & AGENCY CO","General Forwarding & Agency Co",NA,NA,NA
"318",2006,"IHS","GENERAL FORWARDING & AGENCY CO","General Forwarding & Agency Co",NA,"2006",NA
"319",1990,"IHS","GEORGE A CALLITSIS SUCCESSORS","George A Callitsis Successors","1990",NA,NA
"320",1991,"IHS","GEORGE A CALLITSIS SUCCESSORS","George A Callitsis Successors",NA,NA,NA
"321",1995,"IHS","GERD BARTELS (REEDEREI BARTELS","Gerd Bartels (Reederei Bartels",NA,NA,NA
"322",2006,"IHS","GERD BARTELS (REEDEREI BARTELS","Gerd Bartels (Reederei Bartels",NA,"2006",NA
"323",1998,"IHS","GERD KOPPELMANN","Gerd Koppelmann",NA,NA,NA
"324",2006,"IHS","GERD KOPPELMANN","Gerd Koppelmann",NA,"2006",NA
"325",1990,"IHS","GERD RITSCHER KG","Gerd Ritscher Kg","1990",NA,NA
"326",1991,"IHS","GERD RITSCHER KG","Gerd Ritscher Kg",NA,NA,NA
"327",2003,"IHS","GHS GLOBAL HANSEATIC SHIPPING","Ghs Global Hanseatic Shipping",NA,NA,NA
"328",1998,"IHS","GLORY SHIP MANAGEMENT PTE LTD","Glory Ship Management Pte Ltd",NA,NA,NA
"329",1992,"IHS","GOLDENPORT SHIPMANAGEMENT LTD","Goldenport Shipmanagement Ltd",NA,NA,NA
"330",2006,"IHS","GOLDENPORT SHIPMANAGEMENT LTD","Goldenport Shipmanagement Ltd",NA,"2006",NA
"331",1992,"IHS","GOVERNMENT OF ROMANIA","Government Of Romania",NA,NA,NA
"332",1991,"IHS","GOVERNMENT OF THE  REPUBLIC OF","Government Of The  Republic Of",NA,NA,NA
"333",2006,"IHS","GOVERNMENT OF THE  REPUBLIC OF","Government Of The  Republic Of",NA,"2006",NA
"334",1990,"IHS","GOVERNMENT OF THE  UNITED STAT","Government Of The  United Stat","1990",NA,NA
"335",1991,"IHS","GOVERNMENT OF THE  UNITED STAT","Government Of The  United Stat",NA,NA,NA
"336",2005,"IHS","GOVERNMENT OF THE DEMOCRATIC","Government Of The Democratic",NA,NA,NA
"337",1997,"IHS","GOVERNMENT OF THE ISLAMIC  REP","Government Of The Islamic  Rep",NA,NA,NA
"338",1995,"IHS","GOVERNMENT OF THE KINGDOM OF D","Government Of The Kingdom Of D",NA,NA,NA
"339",2006,"IHS","GOVERNMENT OF THE KINGDOM OF D","Government Of The Kingdom Of D",NA,"2006",NA
"340",1990,"IHS","GOVERNMENT OF THE PEOPLE'S  RE","Government Of The People's  Re","1990",NA,NA
"341",1991,"IHS","GOVERNMENT OF THE PEOPLE'S  RE","Government Of The People's  Re",NA,NA,NA
"342",1990,"IHS","GOVERNMENT OF THE PEOPLE'S REP","Government Of The People's Rep","1990",NA,NA
"343",1991,"IHS","GOVERNMENT OF THE PEOPLE'S REP","Government Of The People's Rep",NA,NA,NA
"344",1990,"IHS","GOVERNMENT OF THE REPUBLIC OF","Government Of The Republic Of","1990",NA,NA
"345",1991,"IHS","GOVERNMENT OF THE REPUBLIC OF","Government Of The Republic Of",NA,NA,NA
"346",1999,"IHS","GOVERNMENT OF THE SOCIALIST  R","Government Of The Socialist  R",NA,NA,NA
"347",2006,"IHS","GOVERNMENT OF THE SOCIALIST  R","Government Of The Socialist  R",NA,"2006",NA
"348",1999,"IHS","GOVERNMENT OF THE STATE OF QAT","Government Of The State Of Qat",NA,NA,NA
"349",2006,"IHS","GOVERNMENT OF THE STATE OF QAT","Government Of The State Of Qat",NA,"2006",NA
"350",1999,"IHS","GRUPO BOLUDA","Grupo Boluda",NA,NA,NA
"351",2006,"IHS","GRUPO BOLUDA","Grupo Boluda",NA,"2006",NA
"352",1993,"IHS","GUANGDONG PROVINCE, HONG KONG","Guangdong Province, Hong Kong",NA,NA,NA
"353",1990,"IHS","H CLARKSON & CO LTD","H Clarkson & Co Ltd","1990",NA,NA
"354",1991,"IHS","H CLARKSON & CO LTD","H Clarkson & Co Ltd",NA,NA,NA
"355",2006,"IHS","H SCHEPERS BEREEDERUNGS GMBH &","H Schepers Bereederungs Gmbh &",NA,"2006",NA
"356",1999,"IHS","HABRO HOLDING APS","Habro Holding Aps",NA,NA,NA
"357",2006,"IHS","HABRO HOLDING APS","Habro Holding Aps",NA,"2006",NA
"358",1991,"IHS","HAI SUN HUP CO (PTE) LTD","Hai Sun Hup Co (Pte) Ltd",NA,NA,NA
"359",1997,"IHS","HAKKO MARINE & CORP","Hakko Marine & Corp",NA,NA,NA
"360",1999,"IHS","HAKUSHIN KISEN CO LTD  (HAKUSH","Hakushin Kisen Co Ltd  (Hakush",NA,NA,NA
"361",2006,"IHS","HAKUSHIN KISEN CO LTD  (HAKUSH","Hakushin Kisen Co Ltd  (Hakush",NA,"2006",NA
"362",2000,"IHS","HALIFAX PLC","Halifax Plc",NA,NA,NA
"363",2006,"IHS","HALIFAX PLC","Halifax Plc",NA,"2006",NA
"364",2000,"IHS","HALIM MAZMIN GROUP","Halim Mazmin Group",NA,NA,NA
"365",2006,"IHS","HALIM MAZMIN GROUP","Halim Mazmin Group",NA,"2006",NA
"366",1997,"IHS","HALLA MARITIME CORP","Halla Maritime Corp",NA,NA,NA
"367",1996,"IHS","HAN IL LEASING CO LTD","Han Il Leasing Co Ltd",NA,NA,NA
"368",1999,"IHS","HAN SUNG SHIPPING CO LTD","Han Sung Shipping Co Ltd",NA,NA,NA
"369",1990,"IHS","HANJIN SHIPPING CO LTD","Hanjin Shipping Co Ltd","Hanjin",NA,NA
"370",1991,"IHS","HANJIN SHIPPING CO LTD","Hanjin Shipping Co Ltd","Hanjin",NA,NA
"371",1992,"IHS","HANJIN TRANSPORTATION CO LTD","Hanjin Transportation Co Ltd","Hanjin","Hanjin",NA
"372",2006,"IHS","HANJIN TRANSPORTATION CO LTD","Hanjin Transportation Co Ltd","Hanjin","Hanjin",NA
"373",2005,"IHS","HANSA HAMBURG SHIPPING INTERNA","Hansa Hamburg Shipping Interna",NA,NA,NA
"374",2006,"IHS","HANSA HAMBURG SHIPPING INTERNA","Hansa Hamburg Shipping Interna",NA,"2006",NA
"375",2000,"IHS","HANSA SHIPPING GMBH & CO KG","Hansa Shipping Gmbh & Co Kg",NA,NA,"HANSA TREUHAND SCHIFFSBETEILIG"
"376",2003,"IHS","HANSA TREUHAND SCHIFFSBETEILIG","Hansa Treuhand Schiffsbeteilig",NA,NA,NA
"377",2006,"IHS","HANSA TREUHAND SCHIFFSBETEILIG","Hansa Treuhand Schiffsbeteilig",NA,"2006",NA
"378",1993,"IHS","HANSE BEREEDERUNGS GMBH","Hanse Bereederungs Gmbh",NA,NA,"SCHOELLER HOLDINGS LTD"
"379",2006,"IHS","HANSE BEREEDERUNGS GMBH","Hanse Bereederungs Gmbh",NA,"2006","SCHOELLER HOLDINGS LTD"
"380",2006,"IHS","HANSE CAPITAL GRUPPE","Hanse Capital Gruppe",NA,"2006",NA
"381",2003,"IHS","HANSEATIC LLOYD AG","Hanseatic Lloyd Ag",NA,NA,NA
"382",2006,"IHS","HANSEATIC LLOYD AG","Hanseatic Lloyd Ag",NA,"2006",NA
"383",1990,"IHS","HAPAG-LLOYD AG","Hapag-Lloyd Ag","Hapag-Lloyd",NA,NA
"384",1991,"IHS","HAPAG-LLOYD AG","Hapag-Lloyd Ag","Hapag-Lloyd",NA,NA
"385",1995,"IHS","HARRY BROHAN","Harry Brohan",NA,NA,NA
"386",2006,"IHS","HARRY BROHAN","Harry Brohan",NA,"2006",NA
"387",1996,"IHS","HARTMANN SCHIFFAHRTS GMBH & CO","Hartmann Schiffahrts Gmbh & Co",NA,NA,"Hartmann AG"
"388",2006,"IHS","HARTMANN SCHIFFAHRTS GMBH & CO","Hartmann Schiffahrts Gmbh & Co",NA,"2006","Hartmann AG"
"389",1990,"IHS","HDS AS","Hds As","1990",NA,NA
"390",1991,"IHS","HDS AS","Hds As",NA,NA,NA
"391",2005,"IHS","HEINZ MOJE KG","Heinz Moje Kg",NA,NA,NA
"392",2006,"IHS","HEINZ MOJE KG","Heinz Moje Kg",NA,"2006",NA
"393",1998,"IHS","HENRY BREUER KG","Henry Breuer Kg",NA,NA,NA
"394",2006,"IHS","HENRY BREUER KG","Henry Breuer Kg",NA,"2006",NA
"395",1990,"IHS","HERM DAUELSBERG GMBH & CO","Herm Dauelsberg Gmbh & Co","1990",NA,NA
"396",1991,"IHS","HERM DAUELSBERG GMBH & CO","Herm Dauelsberg Gmbh & Co",NA,NA,NA
"397",1994,"IHS","HERMANN BUSS GMBH & CIE","Hermann Buss Gmbh & Cie",NA,NA,NA
"398",2006,"IHS","HERMANN BUSS GMBH & CIE","Hermann Buss Gmbh & Cie",NA,"2006",NA
"399",1998,"IHS","HILL SAMUEL GROUP LTD","Hill Samuel Group Ltd",NA,NA,NA
"400",2006,"IHS","HILL SAMUEL GROUP LTD","Hill Samuel Group Ltd",NA,"2006",NA
"401",1998,"IHS","HINTERLAND CHARTERING SA","Hinterland Chartering Sa","Cosco","Cosco","CHINA OCEAN SHIPPING (GROUP) C"
"402",2000,"IHS","HOLWERDA SHIPMANAGEMENT BV","Holwerda Shipmanagement Bv",NA,NA,NA
"403",2006,"IHS","HOLWERDA SHIPMANAGEMENT BV","Holwerda Shipmanagement Bv",NA,"2006",NA
"404",2005,"IHS","HONGZHOU SHIPPING CO LTD","Hongzhou Shipping Co Ltd",NA,NA,NA
"405",2006,"IHS","HONGZHOU SHIPPING CO LTD","Hongzhou Shipping Co Ltd",NA,"2006",NA
"406",2000,"IHS","HORIZON LINES INC","Horizon Lines Inc",NA,NA,"MATSON NAVIGATION CO INC"
"407",2006,"IHS","HORIZON LINES INC","Horizon Lines Inc",NA,"2006","MATSON NAVIGATION CO INC"
"408",2006,"IHS","HRC SHIPPING LTD","Hrc Shipping Ltd",NA,"2006",NA
"409",2006,"IHS","HS BEREEDERUNGS GMBH & CO KG","Hs Bereederungs Gmbh & Co Kg",NA,"2006",NA
"410",2003,"IHS","HSBC BANK PLC","Hsbc Bank Plc",NA,NA,NA
"411",2006,"IHS","HSBC BANK PLC","Hsbc Bank Plc",NA,"2006",NA
"412",2006,"IHS","HUBLINE BERHAD","Hubline Berhad",NA,"2006",NA
"413",1990,"IHS","HYUNDAI CORP","Hyundai Corp","1990","HMM",NA
"414",1991,"IHS","HYUNDAI CORP","Hyundai Corp",NA,"HMM",NA
"415",1998,"IHS","HYUNDAI INTERNATIONAL MERCHANT","Hyundai International Merchant",NA,NA,NA
"416",2006,"IHS","HYUNDAI INTERNATIONAL MERCHANT","Hyundai International Merchant",NA,"2006",NA
"417",1997,"IHS","IGNAZIO MESSINA & C SPA","Ignazio Messina & C Spa",NA,NA,NA
"418",2006,"IHS","IGNAZIO MESSINA & C SPA","Ignazio Messina & C Spa",NA,"2006",NA
"419",1990,"IHS","IMC SHIPPING CO PTE LTD (IMCSC","Imc Shipping Co Pte Ltd (Imcsc","1990",NA,"IMC Holdings Ltd"
"420",1991,"IHS","IMC SHIPPING CO PTE LTD (IMCSC","Imc Shipping Co Pte Ltd (Imcsc",NA,NA,"IMC Holdings Ltd"
"421",1990,"IHS","INDIA STEAMSHIP CO LTD","India Steamship Co Ltd","India SS",NA,NA
"422",1991,"IHS","INDIA STEAMSHIP CO LTD","India Steamship Co Ltd","India SS",NA,NA
"423",2003,"IHS","INTER SHIPPING CO LTD","Inter Shipping Co Ltd",NA,NA,NA
"424",2006,"IHS","INTER SHIPPING CO LTD","Inter Shipping Co Ltd",NA,"2006",NA
"425",2006,"IHS","INTERNATIONAL MARITIME CENTRE","International Maritime Centre",NA,"2006",NA
"426",2005,"IHS","INTERNATIONAL SHIPHOLDING CORP","International Shipholding Corp",NA,NA,NA
"427",2006,"IHS","INTERNATIONAL SHIPHOLDING CORP","International Shipholding Corp",NA,"2006",NA
"428",1998,"IHS","INTEROCEAN SHIPPING CO LTD","Interocean Shipping Co Ltd",NA,NA,NA
"429",2006,"IHS","INTEROCEAN SHIPPING CO LTD","Interocean Shipping Co Ltd",NA,"2006",NA
"430",1990,"IHS","INTERORIENT NAVIGATION CO LTD","Interorient Navigation Co Ltd","1990",NA,NA
"431",1991,"IHS","INTERORIENT NAVIGATION CO LTD","Interorient Navigation Co Ltd",NA,NA,NA
"432",2005,"IHS","INTERSCAN SCHIFFAHRTSGESELLSCH","Interscan Schiffahrtsgesellsch",NA,NA,NA
"433",2006,"IHS","INTERSCAN SCHIFFAHRTSGESELLSCH","Interscan Schiffahrtsgesellsch",NA,"2006",NA
"434",2005,"IHS","INTERSEE SCHIFFAHRTS-GESELLSCH","Intersee Schiffahrts-Gesellsch",NA,NA,NA
"435",2006,"IHS","INTERSEE SCHIFFAHRTS-GESELLSCH","Intersee Schiffahrts-Gesellsch",NA,"2006",NA
"436",1995,"IHS","INTERSHIP NAVIGATION CO LTD","Intership Navigation Co Ltd",NA,NA,"Hartmann AG"
"437",1999,"IHS","INVESTERINGSGRUPPEN DANMARK A/","Investeringsgruppen Danmark A/",NA,NA,NA
"438",2006,"IHS","INVESTERINGSGRUPPEN DANMARK A/","Investeringsgruppen Danmark A/",NA,"2006",NA
"439",1997,"IHS","IONIAN TANKERSHIPPING MARITIME","Ionian Tankershipping Maritime",NA,NA,NA
"440",1993,"IHS","IRAN MARINE SERVICES CO","Iran Marine Services Co",NA,NA,NA
"441",2006,"IHS","IRAN MARINE SERVICES CO","Iran Marine Services Co",NA,"2006",NA
"442",1993,"IHS","IRISH CONTINENTAL GROUP PLC","Irish Continental Group Plc",NA,NA,NA
"443",1990,"IHS","ISLAMAR SHIPMANAGEMENT CO LTD","Islamar Shipmanagement Co Ltd","1990",NA,NA
"444",1991,"IHS","ISLAMAR SHIPMANAGEMENT CO LTD","Islamar Shipmanagement Co Ltd",NA,NA,NA
"445",1998,"IHS","ISLAMIC REPUBLIC OF IRAN SHIPP","Islamic Republic Of Iran Shipp","IRISL",NA,NA
"446",2006,"IHS","ISLAMIC REPUBLIC OF IRAN SHIPP","Islamic Republic Of Iran Shipp","IRISL","2006",NA
"447",1998,"IHS","J P SAMARTZIS MARITIME  ENTERP","J P Samartzis Maritime  Enterp",NA,NA,NA
"448",2006,"IHS","J P SAMARTZIS MARITIME  ENTERP","J P Samartzis Maritime  Enterp",NA,"2006",NA
"449",1990,"IHS","JADROPLOV INTERNATIONAL MARITI","Jadroplov International Mariti","1990",NA,NA
"450",1991,"IHS","JADROPLOV INTERNATIONAL MARITI","Jadroplov International Mariti",NA,NA,NA
"451",1990,"IHS","JAMES FISHER & SONS PLC","James Fisher & Sons Plc","1990",NA,NA
"452",1991,"IHS","JAMES FISHER & SONS PLC","James Fisher & Sons Plc",NA,NA,NA
"453",1990,"IHS","JARDINE SHIPPING LTD","Jardine Shipping Ltd","1990",NA,NA
"454",1991,"IHS","JARDINE SHIPPING LTD","Jardine Shipping Ltd",NA,NA,NA
"455",1993,"IHS","JAYA HOLDINGS LTD","Jaya Holdings Ltd",NA,NA,NA
"456",2006,"IHS","JENS & WALLER KG","Jens & Waller Kg",NA,"2006",NA
"457",2006,"IHS","JIANGSU OCEAN SHIPPING CO LTD","Jiangsu Ocean Shipping Co Ltd",NA,"2006",NA
"458",1998,"IHS","JINYU SHIPPING CO LTD (JINYU K","Jinyu Shipping Co Ltd (Jinyu K",NA,NA,NA
"459",2006,"IHS","JINYU SHIPPING CO LTD (JINYU K","Jinyu Shipping Co Ltd (Jinyu K",NA,"2006",NA
"460",2006,"IHS","JOHAN SHIPPING SDN BHD","Johan Shipping Sdn Bhd",NA,"2006",NA
"461",2005,"IHS","JOHANN M K BLUMENTHAL GMBH & C","Johann M K Blumenthal Gmbh & C",NA,NA,NA
"462",2006,"IHS","JOHANN M K BLUMENTHAL GMBH & C","Johann M K Blumenthal Gmbh & C",NA,"2006",NA
"463",1990,"IHS","JOHN SWIRE & SONS LTD","John Swire & Sons Ltd","1990",NA,NA
"464",1991,"IHS","JOHN SWIRE & SONS LTD","John Swire & Sons Ltd",NA,NA,NA
"465",1990,"IHS","JOHN T ESSBERGER GMBH & CO KG","John T Essberger Gmbh & Co Kg","1990",NA,NA
"466",1991,"IHS","JOHN T ESSBERGER GMBH & CO KG","John T Essberger Gmbh & Co Kg",NA,NA,NA
"467",1990,"IHS","JOHS THODE GMBH & CO KG","Johs Thode Gmbh & Co Kg","1990",NA,NA
"468",1991,"IHS","JOHS THODE GMBH & CO KG","Johs Thode Gmbh & Co Kg",NA,NA,NA
"469",1992,"IHS","JOINT-STOCK CO NORTHERN RIVER","Joint-Stock Co Northern River",NA,NA,NA
"470",1992,"IHS","JOINT-STOCK VOLGA SHIPPING CO","Joint-Stock Volga Shipping Co",NA,NA,NA
"471",1999,"IHS","JOINT STOCK CO. 'PERSEY'","Joint Stock Co. 'Persey'",NA,NA,NA
"472",2006,"IHS","JOINT STOCK CO. 'PERSEY'","Joint Stock Co. 'Persey'",NA,"2006",NA
"473",1993,"IHS","JOINT STOCK NORTHERN SHIPPING","Joint Stock Northern Shipping",NA,NA,NA
"474",2001,"IHS","JR SHIPPING BV","Jr Shipping Bv",NA,NA,NA
"475",2006,"IHS","JR SHIPPING BV","Jr Shipping Bv",NA,"2006",NA
"476",1992,"IHS","JS NORTH-WESTERN SHIPPING CO","Js North-Western Shipping Co",NA,NA,"UCL holdings"
"477",2006,"IHS","JSC MINING & METALLURGICAL COM","Jsc Mining & Metallurgical Com",NA,"2006",NA
"478",2003,"IHS","JSM-SHIPPING GMBH & CO KG","Jsm-Shipping Gmbh & Co Kg",NA,NA,"KOBE SHIPPING CO LTD"
"479",2006,"IHS","JSM-SHIPPING GMBH & CO KG","Jsm-Shipping Gmbh & Co Kg",NA,"2006","KOBE SHIPPING CO LTD"
"480",1999,"IHS","JUHLKE SCHIFFAHRTS GMBH","Juhlke Schiffahrts Gmbh",NA,NA,NA
"481",2006,"IHS","JUHLKE SCHIFFAHRTS GMBH","Juhlke Schiffahrts Gmbh",NA,"2006",NA
"482",1997,"IHS","JUNGERHANS MARITIME SERVICES G","Jungerhans Maritime Services G",NA,NA,NA
"483",2006,"IHS","JUNGERHANS MARITIME SERVICES G","Jungerhans Maritime Services G",NA,"2006",NA
"484",1998,"IHS","JURGEN OHLE","Jurgen Ohle",NA,NA,NA
"485",2006,"IHS","JURGEN OHLE","Jurgen Ohle",NA,"2006",NA
"486",1997,"IHS","JUTHA MARITIME PUBLIC CO LTD","Jutha Maritime Public Co Ltd",NA,NA,NA
"487",2006,"IHS","K&K SCHIFFAHRTS GMBH & CO KG","K&K Schiffahrts Gmbh & Co Kg",NA,"2006",NA
"488",2006,"IHS","KAALBYE SHIPPING INTERNATIONAL","Kaalbye Shipping International",NA,"2006",NA
"489",1992,"IHS","KAMBANG HOLDING LTD","Kambang Holding Ltd",NA,NA,NA
"490",1990,"IHS","KAMBARA KISEN CO LTD","Kambara Kisen Co Ltd","1990","Kambara Kisen",NA
"491",1991,"IHS","KAMBARA KISEN CO LTD","Kambara Kisen Co Ltd",NA,"Kambara Kisen",NA
"492",2004,"IHS","KANG LONG SHIPPING CO LTD","Kang Long Shipping Co Ltd",NA,NA,NA
"493",2006,"IHS","KANG LONG SHIPPING CO LTD","Kang Long Shipping Co Ltd",NA,"2006",NA
"494",2006,"IHS","KAPITAN JOSEF GERDES SCHIFFAHR","Kapitan Josef Gerdes Schiffahr",NA,"2006",NA
"495",1995,"IHS","KAPITAN MANFRED DRAXL SCHIFFAH","Kapitan Manfred Draxl Schiffah",NA,NA,NA
"496",2006,"IHS","KAPITAN MANFRED DRAXL SCHIFFAH","Kapitan Manfred Draxl Schiffah",NA,"2006",NA
"497",1994,"IHS","KASIF KALKAVAN VE ORTAKLARI  K","Kasif Kalkavan Ve Ortaklari  K",NA,NA,NA
"498",2006,"IHS","KASIF KALKAVAN VE ORTAKLARI  K","Kasif Kalkavan Ve Ortaklari  K",NA,"2006",NA
"499",1990,"IHS","KAWASAKI KISEN KAISHA LTD  (KA","Kawasaki Kisen Kaisha Ltd  (Ka","1990",NA,NA
"500",1991,"IHS","KAWASAKI KISEN KAISHA LTD  (KA","Kawasaki Kisen Kaisha Ltd  (Ka",NA,NA,NA
"501",1990,"IHS","KDB CAPITAL CO LTD","Kdb Capital Co Ltd","1990",NA,NA
"502",1991,"IHS","KDB CAPITAL CO LTD","Kdb Capital Co Ltd",NA,NA,NA
"503",1997,"IHS","KEISHIN KAIUN CO LTD","Keishin Kaiun Co Ltd",NA,NA,NA
"504",2006,"IHS","KEISHIN KAIUN CO LTD","Keishin Kaiun Co Ltd",NA,"2006",NA
"505",2001,"IHS","KEIYO KISEN KK","Keiyo Kisen Kk",NA,NA,NA
"506",2006,"IHS","KEIYO KISEN KK","Keiyo Kisen Kk",NA,"2006",NA
"507",2006,"IHS","KG ALLGEMEINE LEASING GMBH & C","Kg Allgemeine Leasing Gmbh & C",NA,"2006",NA
"508",1990,"IHS","KG PROJEX-SCHIFFAHRTS GMBH & C","Kg Projex-Schiffahrts Gmbh & C","1990",NA,NA
"509",1991,"IHS","KG PROJEX-SCHIFFAHRTS GMBH & C","Kg Projex-Schiffahrts Gmbh & C",NA,NA,NA
"510",1990,"IHS","KHATIB TRADING CO","Khatib Trading Co","1990",NA,NA
"511",1991,"IHS","KHATIB TRADING CO","Khatib Trading Co",NA,NA,NA
"512",1994,"IHS","KIEPE-SCHEPERS KG SCHIFFAHRT","Kiepe-Schepers Kg Schiffahrt",NA,NA,NA
"513",2006,"IHS","KIEPE-SCHEPERS KG SCHIFFAHRT","Kiepe-Schepers Kg Schiffahrt",NA,"2006",NA
"514",2003,"IHS","KIKU KAIYO KOSAN KK  (KIKU OCE","Kiku Kaiyo Kosan Kk  (Kiku Oce",NA,NA,NA
"515",2006,"IHS","KIKU KAIYO KOSAN KK  (KIKU OCE","Kiku Kaiyo Kosan Kk  (Kiku Oce",NA,"2006",NA
"516",1999,"IHS","KIN HING SHIPPING & ENTERPRISE","Kin Hing Shipping & Enterprise",NA,NA,NA
"517",2006,"IHS","KIN HING SHIPPING & ENTERPRISE","Kin Hing Shipping & Enterprise",NA,"2006",NA
"518",1993,"IHS","KING OCEAN SERVICES DE VENEZUE","King Ocean Services De Venezue",NA,NA,NA
"519",2006,"IHS","KING OCEAN SERVICES DE VENEZUE","King Ocean Services De Venezue",NA,"2006",NA
"520",2003,"IHS","KIRAN GROUP OF SHIPPING COMPAN","Kiran Group Of Shipping Compan",NA,NA,"Kiran Holding AS"
"521",1997,"IHS","KIRMAR DENIZCILIK VE TICARET A","Kirmar Denizcilik Ve Ticaret A",NA,NA,"Kiran Holding AS"
"522",1994,"IHS","KLINGENBERG BEREEDERUNGS UND","Klingenberg Bereederungs Und",NA,NA,NA
"523",1990,"IHS","KNUTSEN OAS SHIPPING AS","Knutsen Oas Shipping As","Knutsen Line",NA,NA
"524",1991,"IHS","KNUTSEN OAS SHIPPING AS","Knutsen Oas Shipping As","Knutsen Line",NA,NA
"525",1993,"IHS","KOBE SHIPPING CO LTD","Kobe Shipping Co Ltd",NA,NA,NA
"526",2006,"IHS","KOBE SHIPPING CO LTD","Kobe Shipping Co Ltd",NA,"2006",NA
"527",2006,"IHS","KONIG & CIE GMBH & CO KG","Konig & Cie Gmbh & Co Kg",NA,"2006","Ernst Russ AG"
"528",2006,"IHS","KONLINK SHIPPING (S) PTE LTD","Konlink Shipping (S) Pte Ltd",NA,"2006",NA
"529",1990,"IHS","KOREA MARINE TRANSPORT CO LTD","Korea Marine Transport Co Ltd","1990","KMTC",NA
"530",1991,"IHS","KOREA MARINE TRANSPORT CO LTD","Korea Marine Transport Co Ltd",NA,"KMTC",NA
"531",2000,"IHS","KOTANI SHIPMANAGEMENT LTD","Kotani Shipmanagement Ltd",NA,NA,NA
"532",1998,"IHS","KOTOKU KAIUN KK (KOTOKU KAIUN","Kotoku Kaiun Kk (Kotoku Kaiun",NA,NA,NA
"533",2006,"IHS","KOTOKU KAIUN KK (KOTOKU KAIUN","Kotoku Kaiun Kk (Kotoku Kaiun",NA,"2006",NA
"534",1999,"IHS","KREY SCHIFFAHRTS GMBH & CO KG","Krey Schiffahrts Gmbh & Co Kg",NA,NA,NA
"535",2003,"IHS","KRISTEN MARINE SA","Kristen Marine Sa",NA,NA,NA
"536",1997,"IHS","KRISTIAN GERHARD JEBSEN SKIPSR","Kristian Gerhard Jebsen Skipsr",NA,NA,NA
"537",1997,"IHS","KUOK (SINGAPORE) LTD","Kuok (Singapore) Ltd",NA,NA,NA
"538",2006,"IHS","KUOK (SINGAPORE) LTD","Kuok (Singapore) Ltd",NA,"2006",NA
"539",1992,"IHS","KYOWA KISEN KK  (KYOWA STEAMSH","Kyowa Kisen Kk  (Kyowa Steamsh",NA,NA,NA
"540",2000,"IHS","L. J. GOTZ K.G.","L. J. Gotz K.g.",NA,NA,NA
"541",2006,"IHS","L. J. GOTZ K.G.","L. J. Gotz K.g.",NA,"2006",NA
"542",1992,"IHS","LATVIAN SHIPPING CO (LATVIJAS","Latvian Shipping Co (Latvijas",NA,NA,NA
"543",2005,"IHS","LEADBETTER SDN BHD","Leadbetter Sdn Bhd",NA,NA,NA
"544",2006,"IHS","LEADBETTER SDN BHD","Leadbetter Sdn Bhd",NA,"2006",NA
"545",1990,"IHS","LEONHARDT & BLUMBERG   SCHIFFA","Leonhardt & Blumberg   Schiffa","1990",NA,NA
"546",1991,"IHS","LEONHARDT & BLUMBERG   SCHIFFA","Leonhardt & Blumberg   Schiffa",NA,NA,NA
"547",2005,"IHS","LIMARKO SHIPPING CO AB (LSCO)","Limarko Shipping Co Ab (Lsco)",NA,NA,NA
"548",2006,"IHS","LIMARKO SHIPPING CO AB (LSCO)","Limarko Shipping Co Ab (Lsco)",NA,"2006",NA
"549",1996,"IHS","LINE FAST PTE LTD","Line Fast Pte Ltd",NA,NA,NA
"550",1990,"IHS","LLOYDS TSB GROUP PLC","Lloyds Tsb Group Plc","1990",NA,NA
"551",1991,"IHS","LLOYDS TSB GROUP PLC","Lloyds Tsb Group Plc",NA,NA,NA
"552",1990,"IHS","LOADSTAR SHIPPING CO INC","Loadstar Shipping Co Inc","1990",NA,NA
"553",1991,"IHS","LOADSTAR SHIPPING CO INC","Loadstar Shipping Co Inc",NA,NA,NA
"554",1999,"IHS","LOMAR SHIPPING LTD","Lomar Shipping Ltd",NA,NA,NA
"555",1999,"IHS","LORENTZ STORESUND & SONNER","Lorentz Storesund & Sonner",NA,NA,NA
"556",1995,"IHS","LORENZO SHIPPING CORP","Lorenzo Shipping Corp",NA,NA,NA
"557",2006,"IHS","LORENZO SHIPPING CORP","Lorenzo Shipping Corp",NA,"2006",NA
"558",2006,"IHS","LUMAR (ODESSA) SA","Lumar (Odessa) Sa",NA,"2006",NA
"559",1992,"IHS","LUND, MOHR & GIAEVER-ENGER AS","Lund, Mohr & Giaever-Enger As",NA,NA,NA
"560",1999,"IHS","M FARUK URKMEZ GROUP OF COMPAN","M Faruk Urkmez Group Of Compan",NA,NA,NA
"561",2006,"IHS","MAGELLAN CHARTERING SERVICES G","Magellan Chartering Services G",NA,"2006",NA
"562",1990,"IHS","MALAYSIA SHIPPING CORP SDN BHD","Malaysia Shipping Corp Sdn Bhd","1990","MISC",NA
"563",1991,"IHS","MALAYSIA SHIPPING CORP SDN BHD","Malaysia Shipping Corp Sdn Bhd",NA,"MISC",NA
"564",1997,"IHS","MARCOMAR SHIPPING LINES CYPRUS","Marcomar Shipping Lines Cyprus",NA,NA,NA
"565",2003,"IHS","MARCONSULT SCHIFFAHRT GMBH & C","Marconsult Schiffahrt Gmbh & C",NA,NA,NA
"566",2006,"IHS","MARCONSULT SCHIFFAHRT GMBH & C","Marconsult Schiffahrt Gmbh & C",NA,"2006",NA
"567",1990,"IHS","MARISCOS HYBUR SA","Mariscos Hybur Sa","1990",NA,NA
"568",1991,"IHS","MARISCOS HYBUR SA","Mariscos Hybur Sa",NA,NA,NA
"569",1990,"IHS","MARLOW NAVIGATION CO LTD","Marlow Navigation Co Ltd","1990",NA,NA
"570",1991,"IHS","MARLOW NAVIGATION CO LTD","Marlow Navigation Co Ltd",NA,NA,NA
"571",2001,"IHS","MARTIME - GESELLSCHAFT FUR MAR","Martime - Gesellschaft Fur Mar",NA,NA,NA
"572",2006,"IHS","MARTIME - GESELLSCHAFT FUR MAR","Martime - Gesellschaft Fur Mar",NA,"2006",NA
"573",1997,"IHS","MARU SHIPPING CO INC","Maru Shipping Co Inc",NA,NA,NA
"574",2006,"IHS","MARU SHIPPING CO INC","Maru Shipping Co Inc",NA,"2006",NA
"575",1990,"IHS","MARUBA SCA  EMPRESA DE NAVEGAC","Maruba Sca  Empresa De Navegac","1990",NA,NA
"576",1991,"IHS","MARUBA SCA  EMPRESA DE NAVEGAC","Maruba Sca  Empresa De Navegac",NA,NA,NA
"577",1990,"IHS","MARUBENI CORP","Marubeni Corp","1990",NA,NA
"578",1991,"IHS","MARUBENI CORP","Marubeni Corp",NA,NA,NA
"579",2006,"IHS","MARUKICHI COMMERCE CO LTD","Marukichi Commerce Co Ltd",NA,"2006",NA
"580",1999,"IHS","MARUSAN KAIUN KK","Marusan Kaiun Kk",NA,NA,NA
"581",2006,"IHS","MARUSAN KAIUN KK","Marusan Kaiun Kk",NA,"2006",NA
"582",2003,"IHS","MARYVILLE MARITIME INC","Maryville Maritime Inc",NA,NA,NA
"583",1999,"IHS","MASUMOTO SHIPPING CO LTD","Masumoto Shipping Co Ltd",NA,NA,NA
"584",2006,"IHS","MASUMOTO SHIPPING CO LTD","Masumoto Shipping Co Ltd",NA,"2006",NA
"585",1990,"IHS","MATSON NAVIGATION CO INC","Matson Navigation Co Inc","Matson",NA,NA
"586",1991,"IHS","MATSON NAVIGATION CO INC","Matson Navigation Co Inc","Matson",NA,NA
"587",1997,"IHS","MC SHIPPING INC","Mc Shipping Inc",NA,NA,NA
"588",2006,"IHS","MC SHIPPING INC","Mc Shipping Inc",NA,"2006",NA
"589",1990,"IHS","MEDITERRANEAN SHIPPING CO SA","Mediterranean Shipping Co Sa","MSC",NA,NA
"590",1991,"IHS","MEDITERRANEAN SHIPPING CO SA","Mediterranean Shipping Co Sa","MSC",NA,NA
"591",1992,"IHS","MEDITERRANEAN SHIPPING CO SRL","Mediterranean Shipping Co Srl",NA,NA,"MEDITERRANEAN SHIPPING CO SA"
"592",2000,"IHS","MEIHO KAIUN KK","Meiho Kaiun Kk",NA,NA,NA
"593",2006,"IHS","MEIHO KAIUN KK","Meiho Kaiun Kk",NA,"2006",NA
"594",1997,"IHS","MIDOCEAN (IOM) LTD","Midocean (Iom) Ltd",NA,NA,NA
"595",2000,"IHS","MIKKAL MYKLEBUSTHAUG REDERI AS","Mikkal Myklebusthaug Rederi As",NA,NA,NA
"596",2006,"IHS","MIKKAL MYKLEBUSTHAUG REDERI AS","Mikkal Myklebusthaug Rederi As",NA,"2006",NA
"597",1990,"IHS","MISC BERHAD","Misc Berhad","MISC",NA,"MISC"
"598",1991,"IHS","MISC BERHAD","Misc Berhad","MISC",NA,"MISC"
"599",1997,"IHS","MITSUBISHI LOGISTICS CORP","Mitsubishi Logistics Corp",NA,NA,NA
"600",1997,"IHS","MITSUHAMA KISEN KK","Mitsuhama Kisen Kk",NA,NA,NA
"601",2006,"IHS","MITSUHAMA KISEN KK","Mitsuhama Kisen Kk",NA,"2006",NA
"602",1991,"IHS","MITSUI & CO LTD","Mitsui & Co Ltd",NA,NA,NA
"603",1990,"IHS","MITSUI OSK LINES LTD (MOL)","Mitsui Osk Lines Ltd (Mol)","1990",NA,"Ocean Network Express"
"604",1991,"IHS","MITSUI OSK LINES LTD (MOL)","Mitsui Osk Lines Ltd (Mol)",NA,NA,"Ocean Network Express"
"605",2002,"IHS","MITSUI WAREHOUSE CO LTD  (MITS","Mitsui Warehouse Co Ltd  (Mits",NA,NA,NA
"606",2006,"IHS","MITSUI WAREHOUSE CO LTD  (MITS","Mitsui Warehouse Co Ltd  (Mits",NA,"2006",NA
"607",1997,"IHS","MIYAZAKI SANGYO KK","Miyazaki Sangyo Kk",NA,NA,NA
"608",2006,"IHS","MIYAZAKI SANGYO KK","Miyazaki Sangyo Kk",NA,"2006",NA
"609",1990,"IHS","MIZUHO SANGYO CO LTD","Mizuho Sangyo Co Ltd","1990",NA,NA
"610",1991,"IHS","MIZUHO SANGYO CO LTD","Mizuho Sangyo Co Ltd",NA,NA,NA
"611",2005,"IHS","MOON KEUNG SHIPPING & TRANSPOR","Moon Keung Shipping & Transpor",NA,NA,NA
"612",2006,"IHS","MOON KEUNG SHIPPING & TRANSPOR","Moon Keung Shipping & Transpor",NA,"2006",NA
"613",2006,"IHS","MOOR MARITIME (JERSEY) LTD","Moor Maritime (Jersey) Ltd",NA,"2006",NA
"614",2006,"IHS","MPC MUNCHMEYER PETERSEN & CO G","Mpc Munchmeyer Petersen & Co G",NA,"2006",NA
"615",2001,"IHS","MURAKAMI HIDE SHIPBUILDING CO","Murakami Hide Shipbuilding Co",NA,NA,NA
"616",2006,"IHS","MURAKAMI HIDE SHIPBUILDING CO","Murakami Hide Shipbuilding Co",NA,"2006",NA
"617",1990,"IHS","MUTUALISTA ACOREANA DE TRANSPO","Mutualista Acoreana De Transpo","1990",NA,NA
"618",1991,"IHS","MUTUALISTA ACOREANA DE TRANSPO","Mutualista Acoreana De Transpo",NA,NA,NA
"619",2006,"IHS","MYKLEBUSTHAUG MANAGEMENT AS","Myklebusthaug Management As",NA,"2006",NA
"620",1996,"IHS","NAGASHIKI SHIPPING CO LTD (NAG","Nagashiki Shipping Co Ltd (Nag",NA,NA,NA
"621",2006,"IHS","NAGASHIKI SHIPPING CO LTD (NAG","Nagashiki Shipping Co Ltd (Nag",NA,"2006",NA
"622",1994,"IHS","NAM SUNG SHIPPING CO LTD","Nam Sung Shipping Co Ltd",NA,NA,NA
"623",2006,"IHS","NAM SUNG SHIPPING CO LTD","Nam Sung Shipping Co Ltd",NA,"2006",NA
"624",1990,"IHS","NANTAI LINE CO LTD","Nantai Line Co Ltd","1990",NA,NA
"625",1991,"IHS","NANTAI LINE CO LTD","Nantai Line Co Ltd",NA,NA,NA
"626",2003,"IHS","NARU SHIPPING & MANAGEMENT CO","Naru Shipping & Management Co",NA,NA,NA
"627",2006,"IHS","NARU SHIPPING & MANAGEMENT CO","Naru Shipping & Management Co",NA,"2006",NA
"628",1998,"IHS","NATIONAL AUSTRALIA BANK LTD","National Australia Bank Ltd",NA,NA,NA
"629",2006,"IHS","NATIONAL AUSTRALIA BANK LTD","National Australia Bank Ltd",NA,"2006",NA
"630",1992,"IHS","NATIONAL MARINE SERVICES CO","National Marine Services Co",NA,NA,NA
"631",2000,"IHS","NATIONAL NAVIGATION CO","National Navigation Co",NA,NA,NA
"632",2006,"IHS","NATIONAL NAVIGATION CO","National Navigation Co",NA,"2006",NA
"633",2003,"IHS","NAVALMAR (UK) LTD","Navalmar (Uk) Ltd",NA,NA,NA
"634",2006,"IHS","NAVALMAR (UK) LTD","Navalmar (Uk) Ltd",NA,"2006",NA
"635",1990,"IHS","NAVIERA PINILLOS SA","Naviera Pinillos Sa","1990",NA,NA
"636",1991,"IHS","NAVIERA PINILLOS SA","Naviera Pinillos Sa",NA,NA,NA
"637",1990,"IHS","NEGROS NAVIGATION CO INC","Negros Navigation Co Inc","1990",NA,NA
"638",1991,"IHS","NEGROS NAVIGATION CO INC","Negros Navigation Co Inc",NA,NA,NA
"639",1990,"IHS","NEPTUNE ORIENT LINES LTD (NOL)","Neptune Orient Lines Ltd (Nol)","1990",NA,"CMA-CGM"
"640",1991,"IHS","NEPTUNE ORIENT LINES LTD (NOL)","Neptune Orient Lines Ltd (Nol)",NA,NA,"CMA-CGM"
"641",2003,"IHS","NEPTUNE SHIPPING AGENCY LTD","Neptune Shipping Agency Ltd",NA,NA,NA
"642",2006,"IHS","NEPTUNE SHIPPING AGENCY LTD","Neptune Shipping Agency Ltd",NA,"2006",NA
"643",1997,"IHS","NEPTUNIA COMPANHIA DE NAVEGACA","Neptunia Companhia De Navegaca",NA,NA,NA
"644",2006,"IHS","NEPTUNIA COMPANHIA DE NAVEGACA","Neptunia Companhia De Navegaca",NA,"2006",NA
"645",2005,"IHS","NEW ASIAN SHIPPING CO LTD","New Asian Shipping Co Ltd",NA,NA,NA
"646",1994,"IHS","NEW WORLD SHIPPING CO NV","New World Shipping Co Nv",NA,NA,"ERNST KOMROWSKI REEDEREI KG (G"
"647",2006,"IHS","NIKI SHIPPING CO INC","Niki Shipping Co Inc",NA,"2006",NA
"648",2000,"IHS","NIMMRICH & PRAHM BEREEDERUNG G","Nimmrich & Prahm Bereederung G",NA,NA,NA
"649",2006,"IHS","NINGBO MARINE (GROUP) CO LTD (","Ningbo Marine (Group) Co Ltd (",NA,"2006",NA
"650",1990,"IHS","NIPPON KAIUN KK  (NIPPON SHIPP","Nippon Kaiun Kk  (Nippon Shipp","1990",NA,NA
"651",1991,"IHS","NIPPON KAIUN KK  (NIPPON SHIPP","Nippon Kaiun Kk  (Nippon Shipp",NA,NA,NA
"652",1990,"IHS","NIPPON MARINE CO LTD  (NIPPON","Nippon Marine Co Ltd  (Nippon","1990",NA,NA
"653",1991,"IHS","NIPPON MARINE CO LTD  (NIPPON","Nippon Marine Co Ltd  (Nippon",NA,NA,NA
"654",2003,"IHS","NIPPON STEEL SHIPPING CO LTD","Nippon Steel Shipping Co Ltd",NA,NA,"Shinwa Kaiun"
"655",1990,"IHS","NIPPON YUSEN KAISHA (NYK LINE)","Nippon Yusen Kaisha (Nyk Line)","1990",NA,"Ocean Network Express"
"656",1991,"IHS","NIPPON YUSEN KAISHA (NYK LINE)","Nippon Yusen Kaisha (Nyk Line)",NA,NA,"Ocean Network Express"
"657",1991,"IHS","NISSEN KAIUN CO LTD (NISSEN KA","Nissen Kaiun Co Ltd (Nissen Ka",NA,NA,NA
"658",2006,"IHS","NISSEN KAIUN CO LTD (NISSEN KA","Nissen Kaiun Co Ltd (Nissen Ka",NA,"2006",NA
"659",1992,"IHS","NISSHIN SHIPPING CO LTD  (NISS","Nisshin Shipping Co Ltd  (Niss",NA,NA,NA
"660",1990,"IHS","NITTA KISEN KAISHA LTD","Nitta Kisen Kaisha Ltd","1990",NA,NA
"661",1991,"IHS","NITTA KISEN KAISHA LTD","Nitta Kisen Kaisha Ltd",NA,NA,NA
"662",2001,"IHS","NORDCAPITAL HOLDING GMBH & CIE","Nordcapital Holding Gmbh & Cie",NA,NA,NA
"663",2006,"IHS","NORDCAPITAL HOLDING GMBH & CIE","Nordcapital Holding Gmbh & Cie",NA,"2006",NA
"664",2000,"IHS","NORDDEUTSCHE REEDEREI H SCHULD","Norddeutsche Reederei H Schuld",NA,NA,NA
"665",2001,"IHS","NORDDEUTSCHE VERMOGENSANLAGE G","Norddeutsche Vermogensanlage G",NA,NA,NA
"666",2006,"IHS","NORDDEUTSCHE VERMOGENSANLAGE G","Norddeutsche Vermogensanlage G",NA,"2006",NA
"667",2004,"IHS","NORDSTRAND MARITIME & TRADING","Nordstrand Maritime & Trading",NA,NA,NA
"668",2006,"IHS","NORDSTRAND MARITIME & TRADING","Nordstrand Maritime & Trading",NA,"2006",NA
"669",1990,"IHS","NORSE MANAGEMENT CO (PTE) LTD","Norse Management Co (Pte) Ltd","1990",NA,NA
"670",1991,"IHS","NORSE MANAGEMENT CO (PTE) LTD","Norse Management Co (Pte) Ltd",NA,NA,NA
"671",1990,"IHS","NSB NIEDERELBE  SCHIFFAHRTSGES","Nsb Niederelbe  Schiffahrtsges","1990",NA,NA
"672",1991,"IHS","NSB NIEDERELBE  SCHIFFAHRTSGES","Nsb Niederelbe  Schiffahrtsges",NA,NA,NA
"673",2005,"IHS","NSC SCHIFFAHRTS MBH & CIE KG","Nsc Schiffahrts Mbh & Cie Kg",NA,NA,NA
"674",2006,"IHS","NSC SCHIFFAHRTS MBH & CIE KG","Nsc Schiffahrts Mbh & Cie Kg",NA,"2006",NA
"675",1990,"IHS","NV CMB SA","Nv Cmb Sa","1990",NA,NA
"676",1991,"IHS","NV CMB SA","Nv Cmb Sa",NA,NA,NA
"677",1999,"IHS","O T TONNEVOLD AS","O T Tonnevold As",NA,NA,NA
"678",2006,"IHS","O T TONNEVOLD AS","O T Tonnevold As",NA,"2006",NA
"679",1991,"IHS","OAK MARITIME (CANADA) INC","Oak Maritime (Canada) Inc",NA,NA,NA
"680",1992,"IHS","OAO 'SOVCOMFLOT'","Oao 'Sovcomflot'",NA,NA,NA
"681",2006,"IHS","OAO 'SOVCOMFLOT'","Oao 'Sovcomflot'",NA,"2006",NA
"682",1998,"IHS","OCEANBULK MARITIME SA","Oceanbulk Maritime Sa",NA,NA,NA
"683",2005,"IHS","OCEANEX INC","Oceanex Inc",NA,NA,NA
"684",2006,"IHS","OCEANEX INC","Oceanex Inc",NA,"2006",NA
"685",1995,"IHS","OCEANIC MARITIME LTD","Oceanic Maritime Ltd",NA,NA,NA
"686",2006,"IHS","OCEANIC MARITIME LTD","Oceanic Maritime Ltd",NA,"2006",NA
"687",1998,"IHS","ODVAR OLSEN","Odvar Olsen",NA,NA,NA
"688",1990,"IHS","OFER BROTHERS (HOLDINGS) LTD","Ofer Brothers (Holdings) Ltd","1990",NA,NA
"689",1991,"IHS","OFER BROTHERS (HOLDINGS) LTD","Ofer Brothers (Holdings) Ltd",NA,NA,NA
"690",1990,"IHS","OK SHIPPING PTE LTD","Ok Shipping Pte Ltd","1990",NA,NA
"691",1991,"IHS","OK SHIPPING PTE LTD","Ok Shipping Pte Ltd",NA,NA,NA
"692",1996,"IHS","OKEANRYBFLOT JOINT STOCK CO  (","Okeanrybflot Joint Stock Co  (",NA,NA,NA
"693",1995,"IHS","OKOUCHI KAIUN KK (OKOCHI KAIUN","Okouchi Kaiun Kk (Okochi Kaiun",NA,NA,NA
"694",2006,"IHS","OKOUCHI KAIUN KK (OKOCHI KAIUN","Okouchi Kaiun Kk (Okochi Kaiun",NA,"2006",NA
"695",1990,"IHS","OLDENBURG-PORTUGIESISCHE   DAM","Oldenburg-Portugiesische   Dam","1990",NA,NA
"696",1991,"IHS","OLDENBURG-PORTUGIESISCHE   DAM","Oldenburg-Portugiesische   Dam",NA,NA,NA
"697",1992,"IHS","OOST ATLANTIC LIJN BV","Oost Atlantic Lijn Bv",NA,NA,"ATLANTIC HORIZON GROUP"
"698",1990,"IHS","ORIENT EXPRESS LINES INC","Orient Express Lines Inc","1990",NA,NA
"699",1991,"IHS","ORIENT EXPRESS LINES INC","Orient Express Lines Inc",NA,NA,NA
"700",2003,"IHS","ORIENT INTERNATIONAL (HOLDING)","Orient International (Holding)",NA,NA,NA
"701",2006,"IHS","ORIENT INTERNATIONAL (HOLDING)","Orient International (Holding)",NA,"2006",NA
"702",1997,"IHS","ORIENT MARINE CO LTD (TOYO SEN","Orient Marine Co Ltd (Toyo Sen",NA,NA,NA
"703",1990,"IHS","ORIENT OVERSEAS INTERNATIONAL","Orient Overseas International","OOCL",NA,"Cosco"
"704",1991,"IHS","ORIENT OVERSEAS INTERNATIONAL","Orient Overseas International","OOCL",NA,"Cosco"
"705",1990,"IHS","OSAKA ASAHI KAIUN KK  (OSAKA A","Osaka Asahi Kaiun Kk  (Osaka A","1990",NA,NA
"706",1991,"IHS","OSAKA ASAHI KAIUN KK  (OSAKA A","Osaka Asahi Kaiun Kk  (Osaka A",NA,NA,NA
"707",1992,"IHS","OSKAR WEHR KG (GMBH & CO)","Oskar Wehr Kg (Gmbh & Co)",NA,NA,NA
"708",2006,"IHS","OSKAR WEHR KG (GMBH & CO)","Oskar Wehr Kg (Gmbh & Co)",NA,"2006",NA
"709",2006,"IHS","OWNERSHIP EMISSIONSHAUS GMBH","Ownership Emissionshaus Gmbh",NA,"2006",NA
"710",1990,"IHS","PACIFIC INTERNATIONAL LINES (P","Pacific International Lines (P","1990",NA,NA
"711",1991,"IHS","PACIFIC INTERNATIONAL LINES (P","Pacific International Lines (P",NA,NA,NA
"712",1997,"IHS","PACIFIC SHIP MANAGEMENT CO LTD","Pacific Ship Management Co Ltd",NA,NA,NA
"713",1997,"IHS","PAN-UNITED SHIPPING (PTE) LTD","Pan-United Shipping (Pte) Ltd",NA,NA,NA
"714",2006,"IHS","PAN-UNITED SHIPPING (PTE) LTD","Pan-United Shipping (Pte) Ltd",NA,"2006",NA
"715",1990,"IHS","PAN CONTINENTAL SHIPPING CO LT","Pan Continental Shipping Co Lt","1990",NA,NA
"716",1991,"IHS","PAN CONTINENTAL SHIPPING CO LT","Pan Continental Shipping Co Lt",NA,NA,NA
"717",1993,"IHS","PAN NAUTIC SA","Pan Nautic Sa",NA,NA,NA
"718",2001,"IHS","PANCON SHIPPING & MARINE SERVI","Pancon Shipping & Marine Servi",NA,NA,NA
"719",2006,"IHS","PANCON SHIPPING & MARINE SERVI","Pancon Shipping & Marine Servi",NA,"2006",NA
"720",1992,"IHS","PARAKOU SHIPPING LTD","Parakou Shipping Ltd",NA,NA,NA
"721",2005,"IHS","PASSAT SCHIFFAHRTS GMBH & CO K","Passat Schiffahrts Gmbh & Co K",NA,NA,NA
"722",2006,"IHS","PASSAT SCHIFFAHRTS GMBH & CO K","Passat Schiffahrts Gmbh & Co K",NA,"2006",NA
"723",1997,"IHS","PEARL DELTA SHIPPING CO LTD","Pearl Delta Shipping Co Ltd",NA,NA,NA
"724",2006,"IHS","PEARL DELTA SHIPPING CO LTD","Pearl Delta Shipping Co Ltd",NA,"2006",NA
"725",2003,"IHS","PERKAPALAN DAI ZHUN SDN BHD  (","Perkapalan Dai Zhun Sdn Bhd  (",NA,NA,NA
"726",2006,"IHS","PERKAPALAN DAI ZHUN SDN BHD  (","Perkapalan Dai Zhun Sdn Bhd  (",NA,"2006",NA
"727",1990,"IHS","PETER DOEHLE SCHIFFAHRTS-KG","Peter Doehle Schiffahrts-Kg","1990",NA,NA
"728",1991,"IHS","PETER DOEHLE SCHIFFAHRTS-KG","Peter Doehle Schiffahrts-Kg",NA,NA,NA
"729",1998,"IHS","PETRONAS (PETROLEUM NASIONAL B","Petronas (Petroleum Nasional B",NA,NA,NA
"730",2006,"IHS","PETRONAS (PETROLEUM NASIONAL B","Petronas (Petroleum Nasional B",NA,"2006",NA
"731",2006,"IHS","PHOENIX REEDEREI BEREEDERUNGS","Phoenix Reederei Bereederungs",NA,"2006",NA
"732",2004,"IHS","PLATINUM CONTAINER LINES CO LT","Platinum Container Lines Co Lt",NA,NA,NA
"733",2006,"IHS","PLATINUM CONTAINER LINES CO LT","Platinum Container Lines Co Lt",NA,"2006",NA
"734",1997,"IHS","POHL SHIPPING SCHIFFAHRTSGESEL","Pohl Shipping Schiffahrtsgesel",NA,NA,NA
"735",2006,"IHS","POHL SHIPPING SCHIFFAHRTSGESEL","Pohl Shipping Schiffahrtsgesel",NA,"2006",NA
"736",2006,"IHS","POLARIS SHIPMANAGEMENT CO LTD","Polaris Shipmanagement Co Ltd",NA,"2006",NA
"737",1990,"IHS","POLISH OCEAN LINES  (POLSKIE L","Polish Ocean Lines  (Polskie L","1990",NA,NA
"738",1991,"IHS","POLISH OCEAN LINES  (POLSKIE L","Polish Ocean Lines  (Polskie L",NA,NA,NA
"739",2005,"IHS","PORTLINE - TRANSPORTES MARITIM","Portline - Transportes Maritim",NA,NA,NA
"740",2006,"IHS","PORTLINE - TRANSPORTES MARITIM","Portline - Transportes Maritim",NA,"2006",NA
"741",1998,"IHS","PRIMA SHIPMANAGEMENT SDN BHD","Prima Shipmanagement Sdn Bhd",NA,NA,"HALIM MAZMIN GROUP"
"742",1994,"IHS","PROJECT SHIPPING INC","Project Shipping Inc",NA,NA,NA
"743",1990,"IHS","PT DJAKARTA LLOYD (PERSERO)","Pt Djakarta Lloyd (Persero)","1990",NA,NA
"744",1991,"IHS","PT DJAKARTA LLOYD (PERSERO)","Pt Djakarta Lloyd (Persero)",NA,NA,NA
"745",1990,"IHS","PT JAYAKUSUMA PERDANA LINES","Pt Jayakusuma Perdana Lines","1990",NA,NA
"746",1991,"IHS","PT JAYAKUSUMA PERDANA LINES","Pt Jayakusuma Perdana Lines",NA,NA,NA
"747",2006,"IHS","PT PANN MULTI FINANCE (PERSERO","Pt Pann Multi Finance (Persero",NA,"2006",NA
"748",2006,"IHS","PT PELAYARAN CARAKA TIRTA PERK","Pt Pelayaran Caraka Tirta Perk",NA,"2006",NA
"749",1999,"IHS","PT PELAYARAN LAUT BARU","Pt Pelayaran Laut Baru",NA,NA,NA
"750",2006,"IHS","PT PELAYARAN LAUT BARU","Pt Pelayaran Laut Baru",NA,"2006",NA
"751",2004,"IHS","PT PELAYARAN MERATUS (MERATUS","Pt Pelayaran Meratus (Meratus",NA,NA,NA
"752",2006,"IHS","PT PELAYARAN MERATUS (MERATUS","Pt Pelayaran Meratus (Meratus",NA,"2006",NA
"753",2000,"IHS","PT PELAYARAN NUSANTARA SALAM","Pt Pelayaran Nusantara Salam",NA,NA,NA
"754",2006,"IHS","PT PELAYARAN NUSANTARA SALAM","Pt Pelayaran Nusantara Salam",NA,"2006",NA
"755",2006,"IHS","PT PELAYARAN SINAR SANJAYA ABA","Pt Pelayaran Sinar Sanjaya Aba",NA,"2006",NA
"756",2003,"IHS","PT PELAYARAN TIRTAMAS EXPRESS","Pt Pelayaran Tirtamas Express",NA,NA,NA
"757",1990,"IHS","PT PERUSAHAAN PELAYARAN  'SAMU","Pt Perusahaan Pelayaran  'Samu","1990",NA,NA
"758",1991,"IHS","PT PERUSAHAAN PELAYARAN  'SAMU","Pt Perusahaan Pelayaran  'Samu",NA,NA,NA
"759",1990,"IHS","PT PERUSAHAAN PELAYARAN SAMUDE","Pt Perusahaan Pelayaran Samude","1990",NA,NA
"760",1991,"IHS","PT PERUSAHAAN PELAYARAN SAMUDE","Pt Perusahaan Pelayaran Samude",NA,NA,NA
"761",2001,"IHS","PT PERUSAHAAN PELAYRAN SAMUDER","Pt Perusahaan Pelayran Samuder",NA,NA,NA
"762",2005,"IHS","PT SENTOSA OCEAN LINE","Pt Sentosa Ocean Line",NA,NA,NA
"763",2006,"IHS","PT SENTOSA OCEAN LINE","Pt Sentosa Ocean Line",NA,"2006",NA
"764",1990,"IHS","PT TANTO INTIM LINE","Pt Tanto Intim Line","1990",NA,NA
"765",1991,"IHS","PT TANTO INTIM LINE","Pt Tanto Intim Line",NA,NA,NA
"766",2003,"IHS","PT TARUNA CIPTA KENCANA","Pt Taruna Cipta Kencana",NA,NA,NA
"767",2006,"IHS","PT TARUNA CIPTA KENCANA","Pt Taruna Cipta Kencana",NA,"2006",NA
"768",1990,"IHS","PT TEMPURAN EMAS TBK","Pt Tempuran Emas Tbk","1990",NA,NA
"769",1991,"IHS","PT TEMPURAN EMAS TBK","Pt Tempuran Emas Tbk",NA,NA,NA
"770",2003,"IHS","PUSAKA LAUT PTE LTD","Pusaka Laut Pte Ltd",NA,NA,NA
"771",1998,"IHS","QUADRANT BEREEDERUNGS GMBH & C","Quadrant Bereederungs Gmbh & C",NA,NA,NA
"772",1996,"IHS","RAINER FRED AUGUST DREVIN","Rainer Fred August Drevin",NA,NA,NA
"773",2006,"IHS","RAINER FRED AUGUST DREVIN","Rainer Fred August Drevin",NA,"2006",NA
"774",1997,"IHS","RASS SCHIFFAHRT GMBH & CO","Rass Schiffahrt Gmbh & Co",NA,NA,NA
"775",2006,"IHS","RASS SCHIFFAHRT GMBH & CO","Rass Schiffahrt Gmbh & Co",NA,"2006",NA
"776",1990,"IHS","RCL SHIPMANAGEMENT PTE LTD","Rcl Shipmanagement Pte Ltd","1990","RCL","RCL"
"777",1991,"IHS","RCL SHIPMANAGEMENT PTE LTD","Rcl Shipmanagement Pte Ltd",NA,"RCL","RCL"
"778",1990,"IHS","REA SHIPPING AGENCY CO SA","Rea Shipping Agency Co Sa","1990",NA,NA
"779",1991,"IHS","REA SHIPPING AGENCY CO SA","Rea Shipping Agency Co Sa",NA,NA,NA
"780",2002,"IHS","RED RIVER CARRIERS INC","Red River Carriers Inc",NA,NA,NA
"781",2006,"IHS","RED RIVER CARRIERS INC","Red River Carriers Inc",NA,"2006",NA
"782",1996,"IHS","REDERIET STENERSEN AS","Rederiet Stenersen As",NA,NA,NA
"783",1990,"IHS","REEDEREI 'NORD' KLAUS E OLDEND","Reederei 'Nord' Klaus E Oldend","1990",NA,NA
"784",1991,"IHS","REEDEREI 'NORD' KLAUS E OLDEND","Reederei 'Nord' Klaus E Oldend",NA,NA,NA
"785",2006,"IHS","REEDEREI  ANDRE WIECZOREK","Reederei  Andre Wieczorek",NA,"2006",NA
"786",2001,"IHS","REEDEREI ALNWICK HARMSTORF & C","Reederei Alnwick Harmstorf & C",NA,NA,NA
"787",2006,"IHS","REEDEREI ALNWICK HARMSTORF & C","Reederei Alnwick Harmstorf & C",NA,"2006",NA
"788",1997,"IHS","REEDEREI BERND SIBUM GMBH & CO","Reederei Bernd Sibum Gmbh & Co",NA,NA,NA
"789",2006,"IHS","REEDEREI BERND SIBUM GMBH & CO","Reederei Bernd Sibum Gmbh & Co",NA,"2006",NA
"790",1990,"IHS","REEDEREI CLAUS-PETER OFFEN GMB","Reederei Claus-Peter Offen Gmb","1990",NA,NA
"791",1991,"IHS","REEDEREI CLAUS-PETER OFFEN GMB","Reederei Claus-Peter Offen Gmb",NA,NA,NA
"792",1997,"IHS","REEDEREI EHLER","Reederei Ehler",NA,NA,NA
"793",2006,"IHS","REEDEREI EHLER","Reederei Ehler",NA,"2006",NA
"794",1990,"IHS","REEDEREI GEBR WINTER GMBH & CO","Reederei Gebr Winter Gmbh & Co","1990",NA,NA
"795",1991,"IHS","REEDEREI GEBR WINTER GMBH & CO","Reederei Gebr Winter Gmbh & Co",NA,NA,NA
"796",1990,"IHS","REEDEREI H - P WEGENER","Reederei H - P Wegener","1990",NA,NA
"797",1991,"IHS","REEDEREI H - P WEGENER","Reederei H - P Wegener",NA,NA,NA
"798",1998,"IHS","REEDEREI HANS HEINRICH KG","Reederei Hans Heinrich Kg",NA,NA,NA
"799",2006,"IHS","REEDEREI HANS HEINRICH KG","Reederei Hans Heinrich Kg",NA,"2006",NA
"800",1997,"IHS","REEDEREI HEINO WINTER KG","Reederei Heino Winter Kg",NA,NA,NA
"801",2006,"IHS","REEDEREI HEINO WINTER KG","Reederei Heino Winter Kg",NA,"2006",NA
"802",2001,"IHS","REEDEREI HEINZ-GEORG VOGE KG","Reederei Heinz-Georg Voge Kg",NA,NA,NA
"803",2006,"IHS","REEDEREI HEINZ-GEORG VOGE KG","Reederei Heinz-Georg Voge Kg",NA,"2006",NA
"804",2001,"IHS","REEDEREI HEINZ CORLEIS KG","Reederei Heinz Corleis Kg",NA,NA,NA
"805",2006,"IHS","REEDEREI HEINZ CORLEIS KG","Reederei Heinz Corleis Kg",NA,"2006",NA
"806",1990,"IHS","REEDEREI HERMANN WULFF","Reederei Hermann Wulff","1990",NA,NA
"807",1991,"IHS","REEDEREI HERMANN WULFF","Reederei Hermann Wulff",NA,NA,NA
"808",1996,"IHS","REEDEREI HINSCH","Reederei Hinsch",NA,NA,NA
"809",2006,"IHS","REEDEREI HINSCH","Reederei Hinsch",NA,"2006",NA
"810",2000,"IHS","REEDEREI HORST ZEPPENFELD GMBH","Reederei Horst Zeppenfeld Gmbh",NA,NA,NA
"811",2006,"IHS","REEDEREI HORST ZEPPENFELD GMBH","Reederei Horst Zeppenfeld Gmbh",NA,"2006",NA
"812",1997,"IHS","REEDEREI JORG KOPPING","Reederei Jorg Kopping",NA,NA,NA
"813",2006,"IHS","REEDEREI JORG KOPPING","Reederei Jorg Kopping",NA,"2006",NA
"814",2006,"IHS","REEDEREI KARL SCHLUTER GMBH &","Reederei Karl Schluter Gmbh &",NA,"2006","NORDDEUTSCHE VERMOGENSANLAGE G"
"815",1999,"IHS","REEDEREI M LAUTERJUNG GMBH","Reederei M Lauterjung Gmbh",NA,NA,NA
"816",2006,"IHS","REEDEREI M LAUTERJUNG GMBH","Reederei M Lauterjung Gmbh",NA,"2006",NA
"817",2004,"IHS","REEDEREI NAVYLLOYD AG","Reederei Navylloyd Ag",NA,NA,NA
"818",2006,"IHS","REEDEREI NAVYLLOYD AG","Reederei Navylloyd Ag",NA,"2006",NA
"819",1997,"IHS","REEDEREI RUDOLF SCHEPERS GMBH","Reederei Rudolf Schepers Gmbh",NA,NA,NA
"820",2006,"IHS","REEDEREI RUDOLF SCHEPERS GMBH","Reederei Rudolf Schepers Gmbh",NA,"2006",NA
"821",1995,"IHS","REEDEREI RUDOLF SCHEPERS KG","Reederei Rudolf Schepers Kg",NA,NA,"REEDEREI RUDOLF SCHEPERS GMBH"
"822",2006,"IHS","REEDEREI RUDOLF SCHEPERS KG","Reederei Rudolf Schepers Kg",NA,"2006","REEDEREI RUDOLF SCHEPERS GMBH"
"823",1995,"IHS","REEDEREI SPECK GBR","Reederei Speck Gbr",NA,NA,NA
"824",2000,"IHS","REEDEREI STEFAN PATJENS GMBH &","Reederei Stefan Patjens Gmbh &",NA,NA,NA
"825",2006,"IHS","REEDEREI STEFAN PATJENS GMBH &","Reederei Stefan Patjens Gmbh &",NA,"2006",NA
"826",1999,"IHS","REEDEREI THEKLA SCHEPERS GMBH","Reederei Thekla Schepers Gmbh",NA,NA,NA
"827",2006,"IHS","REEDEREI THEKLA SCHEPERS GMBH","Reederei Thekla Schepers Gmbh",NA,"2006",NA
"828",1998,"IHS","REEDEREI THOMAS SCHULTE GMBH &","Reederei Thomas Schulte Gmbh &",NA,NA,NA
"829",2006,"IHS","REEDEREI THOMAS SCHULTE GMBH &","Reederei Thomas Schulte Gmbh &",NA,"2006",NA
"830",2005,"IHS","REEDEREIGRUPPE FREESE","Reedereigruppe Freese",NA,NA,NA
"831",2006,"IHS","REEDEREIGRUPPE FREESE","Reedereigruppe Freese",NA,"2006",NA
"832",1990,"IHS","REEFER & GENERAL SHIP-MANAGEME","Reefer & General Ship-Manageme","1990",NA,NA
"833",1991,"IHS","REEFER & GENERAL SHIP-MANAGEME","Reefer & General Ship-Manageme",NA,NA,NA
"834",1990,"IHS","REGIONAL CONTAINER LINES PUBLI","Regional Container Lines Publi","1990","RCL",NA
"835",1991,"IHS","REGIONAL CONTAINER LINES PUBLI","Regional Container Lines Publi",NA,"RCL",NA
"836",2005,"IHS","REITAKU KAIUN KK","Reitaku Kaiun Kk",NA,NA,NA
"837",2001,"IHS","RETTIG GROUP LTD BORE (OY RETT","Rettig Group Ltd Bore (Oy Rett",NA,NA,NA
"838",1996,"IHS","RHEIN-, MAAS- UND SEE-SCHIFFAH","Rhein-, Maas- Und See-Schiffah",NA,NA,NA
"839",1995,"IHS","RICHFIELD MARINE AGENCIES (S)","Richfield Marine Agencies (S)",NA,NA,NA
"840",1990,"IHS","RICKMERS REEDEREI GMBH & CIE K","Rickmers Reederei Gmbh & Cie K","1990",NA,NA
"841",1991,"IHS","RICKMERS REEDEREI GMBH & CIE K","Rickmers Reederei Gmbh & Cie K",NA,NA,NA
"842",2002,"IHS","RIMORCHIATORI RIUNITI SPA","Rimorchiatori Riuniti Spa",NA,NA,NA
"843",1992,"IHS","RIO GRANDE CO LTD","Rio Grande Co Ltd",NA,NA,NA
"844",1992,"IHS","ROHDEN BEREEDERUNG GMBH & CO K","Rohden Bereederung Gmbh & Co K",NA,NA,NA
"845",2006,"IHS","ROHDEN BEREEDERUNG GMBH & CO K","Rohden Bereederung Gmbh & Co K",NA,"2006",NA
"846",2003,"IHS","ROSWELL NAVIGATION CORP","Roswell Navigation Corp",NA,NA,NA
"847",2006,"IHS","ROSWELL NAVIGATION CORP","Roswell Navigation Corp",NA,"2006",NA
"848",1990,"IHS","ROYAL P&O NEDLLOYD NV (KONINKL","Royal P&O Nedlloyd Nv (Koninkl","1990",NA,"Maersk"
"849",1991,"IHS","ROYAL P&O NEDLLOYD NV (KONINKL","Royal P&O Nedlloyd Nv (Koninkl",NA,NA,"Maersk"
"850",1990,"IHS","RUDOLF A OETKER","Rudolf A Oetker","1990",NA,NA
"851",1991,"IHS","RUDOLF A OETKER","Rudolf A Oetker",NA,NA,NA
"852",1999,"IHS","RUDOLF SCHONING GMBH","Rudolf Schoning Gmbh",NA,NA,NA
"853",2006,"IHS","RUDOLF SCHONING GMBH","Rudolf Schoning Gmbh",NA,"2006",NA
"854",2005,"IHS","SALAM INTERNATIONAL TRANSPORT","Salam International Transport",NA,NA,NA
"855",2006,"IHS","SALAMON AG","Salamon Ag",NA,"2006",NA
"856",1998,"IHS","SAMSKIP HF","Samskip Hf",NA,NA,NA
"857",2006,"IHS","SAMSKIP HF","Samskip Hf",NA,"2006",NA
"858",2006,"IHS","SANDFRAKT REDERI AS","Sandfrakt Rederi As",NA,"2006",NA
"859",2005,"IHS","SANDIGAN SHIP SERVICES INC","Sandigan Ship Services Inc",NA,NA,NA
"860",2006,"IHS","SANDIGAN SHIP SERVICES INC","Sandigan Ship Services Inc",NA,"2006",NA
"861",2000,"IHS","SANKYO COMMERCIAL CO LTD  (SAN","Sankyo Commercial Co Ltd  (San",NA,NA,NA
"862",2006,"IHS","SANKYO COMMERCIAL CO LTD  (SAN","Sankyo Commercial Co Ltd  (San",NA,"2006",NA
"863",2005,"IHS","SCHEEPVAARTONDERNEMING 'GRETIN","Scheepvaartonderneming 'Gretin",NA,NA,NA
"864",2006,"IHS","SCHEEPVAARTONDERNEMING 'GRETIN","Scheepvaartonderneming 'Gretin",NA,"2006",NA
"865",1990,"IHS","SCHIFFAHRTSGESELLSCHAFT  OLTMA","Schiffahrtsgesellschaft  Oltma","1990",NA,NA
"866",1991,"IHS","SCHIFFAHRTSGESELLSCHAFT  OLTMA","Schiffahrtsgesellschaft  Oltma",NA,NA,NA
"867",2003,"IHS","SCHIFFAHRTSGESELLSCHAFT WOLFGA","Schiffahrtsgesellschaft Wolfga",NA,NA,NA
"868",2006,"IHS","SCHIFFAHRTSGESELLSCHAFT WOLFGA","Schiffahrtsgesellschaft Wolfga",NA,"2006",NA
"869",1990,"IHS","SCHIFFAHRTSKONTOR RENDSBURG GM","Schiffahrtskontor Rendsburg Gm","1990",NA,NA
"870",1991,"IHS","SCHIFFAHRTSKONTOR RENDSBURG GM","Schiffahrtskontor Rendsburg Gm",NA,NA,NA
"871",1994,"IHS","SCHIFFAHRTSKONTOR TOM WORDEN G","Schiffahrtskontor Tom Worden G",NA,NA,NA
"872",2006,"IHS","SCHIFFAHRTSKONTOR TOM WORDEN G","Schiffahrtskontor Tom Worden G",NA,"2006",NA
"873",1993,"IHS","SCHLUSSEL REEDEREI KG (GMBH &","Schlussel Reederei Kg (Gmbh &",NA,NA,NA
"874",2006,"IHS","SCHLUSSEL REEDEREI KG (GMBH &","Schlussel Reederei Kg (Gmbh &",NA,"2006",NA
"875",2004,"IHS","SCHOELLER HOLDINGS LTD","Schoeller Holdings Ltd",NA,NA,NA
"876",2006,"IHS","SCHOELLER HOLDINGS LTD","Schoeller Holdings Ltd",NA,"2006",NA
"877",2005,"IHS","SCOTT SHIPPING MANAGEMENT LTD","Scott Shipping Management Ltd",NA,NA,NA
"878",2006,"IHS","SCOTT SHIPPING MANAGEMENT LTD","Scott Shipping Management Ltd",NA,"2006",NA
"879",2004,"IHS","SEA CONSORTIUM PTE LTD","Sea Consortium Pte Ltd",NA,"X-Press Feeders","X-Press Feeders"
"880",2006,"IHS","SEA CONSORTIUM PTE LTD","Sea Consortium Pte Ltd",NA,"X-Press Feeders","X-Press Feeders"
"881",1990,"IHS","SEA CONTAINERS LTD","Sea Containers Ltd","1990",NA,NA
"882",1991,"IHS","SEA CONTAINERS LTD","Sea Containers Ltd",NA,NA,NA
"883",2003,"IHS","SEABON HOLDING CORP","Seabon Holding Corp",NA,NA,NA
"884",2006,"IHS","SEABON HOLDING CORP","Seabon Holding Corp",NA,"2006",NA
"885",1994,"IHS","SEAFARERS SHIPPING INC","Seafarers Shipping Inc",NA,NA,NA
"886",2006,"IHS","SEAFARERS SHIPPING INC","Seafarers Shipping Inc",NA,"2006",NA
"887",2006,"IHS","SEAGATE MARINE SRL","Seagate Marine Srl",NA,"2006",NA
"888",2001,"IHS","SEALIFT INC","Sealift Inc",NA,NA,NA
"889",2006,"IHS","SEALIFT INC","Sealift Inc",NA,"2006",NA
"890",2003,"IHS","SEASPAN INTERNATIONAL LTD","Seaspan International Ltd",NA,NA,NA
"891",2006,"IHS","SEASPAN INTERNATIONAL LTD","Seaspan International Ltd",NA,"2006",NA
"892",1992,"IHS","SEATRANS SHIPPING SARL","Seatrans Shipping Sarl",NA,NA,NA
"893",2006,"IHS","SEATRANS SHIPPING SARL","Seatrans Shipping Sarl",NA,"2006",NA
"894",1992,"IHS","SECIL MARITIMA UEE","Secil Maritima Uee",NA,NA,NA
"895",1990,"IHS","SEKIHYO LINE LTD","Sekihyo Line Ltd","1990",NA,NA
"896",1991,"IHS","SEKIHYO LINE LTD","Sekihyo Line Ltd",NA,NA,NA
"897",1990,"IHS","SEMBCORP MARINE LTD","Sembcorp Marine Ltd","1990",NA,NA
"898",1991,"IHS","SEMBCORP MARINE LTD","Sembcorp Marine Ltd",NA,NA,NA
"899",1990,"IHS","SENO KISEN KK (SENO KISEN CO L","Seno Kisen Kk (Seno Kisen Co L","1990",NA,NA
"900",1991,"IHS","SENO KISEN KK (SENO KISEN CO L","Seno Kisen Kk (Seno Kisen Co L",NA,NA,NA
"901",1997,"IHS","SETOUCHI ENTERPRISE CO LTD","Setouchi Enterprise Co Ltd",NA,NA,NA
"902",2006,"IHS","SETOUCHI ENTERPRISE CO LTD","Setouchi Enterprise Co Ltd",NA,"2006",NA
"903",1990,"IHS","SETOUCHI MARINE CO LTD","Setouchi Marine Co Ltd","1990",NA,NA
"904",1991,"IHS","SETOUCHI MARINE CO LTD","Setouchi Marine Co Ltd",NA,NA,NA
"905",2003,"IHS","SETRAMAR NAVIGAZIONE SPA","Setramar Navigazione Spa",NA,NA,NA
"906",2003,"IHS","SETSUYO KISEN CO LTD","Setsuyo Kisen Co Ltd",NA,NA,NA
"907",2006,"IHS","SETSUYO KISEN CO LTD","Setsuyo Kisen Co Ltd",NA,"2006",NA
"908",1990,"IHS","SHANGHAI JINJIANG SHIPPING COR","Shanghai Jinjiang Shipping Cor","1990",NA,NA
"909",1991,"IHS","SHANGHAI JINJIANG SHIPPING COR","Shanghai Jinjiang Shipping Cor",NA,NA,NA
"910",2003,"IHS","SHIH WEI NAVIGATION CO LTD","Shih Wei Navigation Co Ltd",NA,NA,NA
"911",2006,"IHS","SHIH WEI NAVIGATION CO LTD","Shih Wei Navigation Co Ltd",NA,"2006",NA
"912",1995,"IHS","SHIKISHIMA KISEN KK","Shikishima Kisen Kk",NA,NA,NA
"913",2006,"IHS","SHIKISHIMA KISEN KK","Shikishima Kisen Kk",NA,"2006",NA
"914",2003,"IHS","SHINHAN LEASING CO LTD","Shinhan Leasing Co Ltd",NA,NA,NA
"915",2006,"IHS","SHINHAN LEASING CO LTD","Shinhan Leasing Co Ltd",NA,"2006",NA
"916",1995,"IHS","SHINKO MARINE INDUSTRIES LTD","Shinko Marine Industries Ltd",NA,NA,NA
"917",2006,"IHS","SHINKO MARINE INDUSTRIES LTD","Shinko Marine Industries Ltd",NA,"2006",NA
"918",1990,"IHS","SHINKO MARITIME CO LTD","Shinko Maritime Co Ltd","1990",NA,NA
"919",1991,"IHS","SHINKO MARITIME CO LTD","Shinko Maritime Co Ltd",NA,NA,NA
"920",1995,"IHS","SHINWA KAIUN KK  (SHINWA KAIUN","Shinwa Kaiun Kk  (Shinwa Kaiun",NA,NA,NA
"921",2005,"IHS","SHIP FINANCE INTERNATIONAL LTD","Ship Finance International Ltd",NA,NA,NA
"922",2006,"IHS","SHIP FINANCE INTERNATIONAL LTD","Ship Finance International Ltd",NA,"2006",NA
"923",2006,"IHS","SHIP INVEST EMISSIONSHAUS AG","Ship Invest Emissionshaus Ag",NA,"2006",NA
"924",1990,"IHS","SHOEI KISEN KAISHA LTD","Shoei Kisen Kaisha Ltd","1990",NA,NA
"925",1991,"IHS","SHOEI KISEN KAISHA LTD","Shoei Kisen Kaisha Ltd",NA,NA,NA
"926",1990,"IHS","SHUNZAN KAIUN KK  (SHUNZAN KAI","Shunzan Kaiun Kk  (Shunzan Kai","1990",NA,NA
"927",1991,"IHS","SHUNZAN KAIUN KK  (SHUNZAN KAI","Shunzan Kaiun Kk  (Shunzan Kai",NA,NA,NA
"928",1998,"IHS","SIGMA MARINE LTD","Sigma Marine Ltd",NA,NA,NA
"929",1998,"IHS","SIMATECH SHIPPING & FORWARDING","Simatech Shipping & Forwarding",NA,NA,NA
"930",2006,"IHS","SIMATECH SHIPPING & FORWARDING","Simatech Shipping & Forwarding",NA,"2006",NA
"931",1998,"IHS","SINGA STAR PTE LTD","Singa Star Pte Ltd",NA,NA,NA
"932",2006,"IHS","SINGA STAR PTE LTD","Singa Star Pte Ltd",NA,"2006",NA
"933",1999,"IHS","SINGAPORE SOVIET SHIPPING  CO","Singapore Soviet Shipping  Co",NA,NA,NA
"934",2000,"IHS","SINOKOR MERCHANT MARINE CO LTD","Sinokor Merchant Marine Co Ltd",NA,NA,NA
"935",2006,"IHS","SINOKOR MERCHANT MARINE CO LTD","Sinokor Merchant Marine Co Ltd",NA,"2006",NA
"936",1990,"IHS","SINOTRANS SHIPPING LTD (HONG K","Sinotrans Shipping Ltd (Hong K","1990",NA,NA
"937",1991,"IHS","SINOTRANS SHIPPING LTD (HONG K","Sinotrans Shipping Ltd (Hong K",NA,NA,NA
"938",2006,"IHS","SKIPS AS ALEXANDRA","Skips As Alexandra",NA,"2006",NA
"939",1997,"IHS","SOCIETE GENERALE SA","Societe Generale Sa",NA,NA,NA
"940",2006,"IHS","SOCIETE GENERALE SA","Societe Generale Sa",NA,"2006",NA
"941",2006,"IHS","SOHAE SONBAK CO LTD","Sohae Sonbak Co Ltd",NA,"2006",NA
"942",1998,"IHS","SOJITZ CORP","Sojitz Corp",NA,NA,NA
"943",2006,"IHS","SOJITZ CORP","Sojitz Corp",NA,"2006",NA
"944",1999,"IHS","SOJITZ MARINE & ENGINEERING CO","Sojitz Marine & Engineering Co",NA,NA,NA
"945",1997,"IHS","SOKI KISEN KK","Soki Kisen Kk",NA,NA,NA
"946",2006,"IHS","SOKI KISEN KK","Soki Kisen Kk",NA,"2006",NA
"947",1999,"IHS","SPLIETHOFF'S BEVRACHTINGSKANTO","Spliethoff's Bevrachtingskanto",NA,NA,NA
"948",2006,"IHS","SPLIETHOFF'S BEVRACHTINGSKANTO","Spliethoff's Bevrachtingskanto",NA,"2006",NA
"949",1997,"IHS","STAMCO SHIP MANAGEMENT CO LTD","Stamco Ship Management Co Ltd",NA,NA,NA
"950",1994,"IHS","STARLADY MARINE LTD","Starlady Marine Ltd",NA,NA,NA
"951",2001,"IHS","STATE ENTERPRISE MARIUPOL SEA","State Enterprise Mariupol Sea",NA,NA,NA
"952",2003,"IHS","STATE STREET BANK & TRUST CO","State Street Bank & Trust Co",NA,NA,NA
"953",1995,"IHS","STAVROS DAIFAS MARINE ENTERPRI","Stavros Daifas Marine Enterpri",NA,NA,NA
"954",1998,"IHS","STENA AB","Stena Ab",NA,NA,NA
"955",1994,"IHS","STOLT-NIELSEN TRANSPORTATION G","Stolt-Nielsen Transportation G",NA,NA,NA
"956",2001,"IHS","STORESLETTEN REDERI AS","Storesletten Rederi As",NA,NA,NA
"957",1998,"IHS","STRAND SHIPPING A/S","Strand Shipping A/S",NA,NA,NA
"958",2003,"IHS","STROFCOM SHIPPING CO LTD","Strofcom Shipping Co Ltd",NA,NA,NA
"959",2006,"IHS","STROFCOM SHIPPING CO LTD","Strofcom Shipping Co Ltd",NA,"2006",NA
"960",1990,"IHS","STX PAN OCEAN CO LTD","Stx Pan Ocean Co Ltd","1990","Pan Ocean(current name)",NA
"961",1991,"IHS","STX PAN OCEAN CO LTD","Stx Pan Ocean Co Ltd",NA,"Pan Ocean(current name)",NA
"962",2002,"IHS","SUISSE-ATLANTIQUE SOCIETE DE","Suisse-Atlantique Societe De",NA,NA,NA
"963",2006,"IHS","SUISSE-ATLANTIQUE SOCIETE DE","Suisse-Atlantique Societe De",NA,"2006",NA
"964",2005,"IHS","SUNFED CORP","Sunfed Corp",NA,NA,NA
"965",2006,"IHS","SUNFED CORP","Sunfed Corp",NA,"2006",NA
"966",1995,"IHS","SUNFORD SHIPPING LTD.","Sunford Shipping Ltd.",NA,NA,NA
"967",2006,"IHS","SUNFORD SHIPPING LTD.","Sunford Shipping Ltd.",NA,"2006",NA
"968",1993,"IHS","SVITZER AS","Svitzer As",NA,NA,"Maersk"
"969",1990,"IHS","SYARIKAT PERKAPALAN KRIS  SDN","Syarikat Perkapalan Kris  Sdn","1990",NA,NA
"970",1991,"IHS","SYARIKAT PERKAPALAN KRIS  SDN","Syarikat Perkapalan Kris  Sdn",NA,NA,NA
"971",1997,"IHS","TACHIBANAYA CO LTD (KK TACHIBA","Tachibanaya Co Ltd (Kk Tachiba",NA,NA,NA
"972",1998,"IHS","TAGASHIRA KAIUN CO LTD","Tagashira Kaiun Co Ltd",NA,NA,NA
"973",2006,"IHS","TAGASHIRA KAIUN CO LTD","Tagashira Kaiun Co Ltd",NA,"2006",NA
"974",1997,"IHS","TAIYO KAIUN KK","Taiyo Kaiun Kk",NA,NA,NA
"975",2006,"IHS","TAIYO KAIUN KK","Taiyo Kaiun Kk",NA,"2006",NA
"976",1995,"IHS","TANKER PACIFIC MANAGEMENT  (SI","Tanker Pacific Management  (Si",NA,NA,NA
"977",1994,"IHS","TARGET MARINE SA","Target Marine Sa",NA,NA,NA
"978",2006,"IHS","TARGET MARINE SA","Target Marine Sa",NA,"2006",NA
"979",2001,"IHS","TECHNOMAR SHIPPING INC","Technomar Shipping Inc",NA,NA,NA
"980",2006,"IHS","TECHNOMAR SHIPPING INC","Technomar Shipping Inc",NA,"2006",NA
"981",1990,"IHS","TEEKAY SHIPPING (CANADA) LTD","Teekay Shipping (Canada) Ltd","1990",NA,NA
"982",1991,"IHS","TEEKAY SHIPPING (CANADA) LTD","Teekay Shipping (Canada) Ltd",NA,NA,NA
"983",1991,"IHS","TEH TUNG STEAMSHIP CO LTD","Teh Tung Steamship Co Ltd",NA,NA,NA
"984",2002,"IHS","TEO SHIPPING CORP","Teo Shipping Corp",NA,NA,NA
"985",2006,"IHS","TEO SHIPPING CORP","Teo Shipping Corp",NA,"2006",NA
"986",2003,"IHS","THE ANGLO-EASTERN GROUP","The Anglo-Eastern Group",NA,NA,NA
"987",2006,"IHS","THE ANGLO-EASTERN GROUP","The Anglo-Eastern Group",NA,"2006",NA
"988",1993,"IHS","THE HONGKONG SALVAGE & TOWAGE","The Hongkong Salvage & Towage",NA,NA,NA
"989",1992,"IHS","THE ICELAND STEAMSHIP CO LTD (","The Iceland Steamship Co Ltd (",NA,NA,NA
"990",2006,"IHS","THE ICELAND STEAMSHIP CO LTD (","The Iceland Steamship Co Ltd (",NA,"2006",NA
"991",1995,"IHS","THE NATIONAL SHIPPING COMPANY","The National Shipping Company",NA,NA,NA
"992",1990,"IHS","THE PENINSULAR AND ORIENTAL ST","The Peninsular And Oriental St","P&O Containers","PONL","Maersk"
"993",1991,"IHS","THE PENINSULAR AND ORIENTAL ST","The Peninsular And Oriental St","P&O Containers","PONL","Maersk"
"994",2001,"IHS","THE ROYAL BANK OF SCOTLAND GRO","The Royal Bank Of Scotland Gro",NA,NA,NA
"995",2006,"IHS","THE ROYAL BANK OF SCOTLAND GRO","The Royal Bank Of Scotland Gro",NA,"2006",NA
"996",1990,"IHS","THE SCHULTE GROUP","The Schulte Group","1990",NA,NA
"997",1991,"IHS","THE SCHULTE GROUP","The Schulte Group",NA,NA,NA
"998",1999,"IHS","THENAMARIS (SHIPS MANAGEMENT)","Thenamaris (Ships Management)",NA,NA,NA
"999",1990,"IHS","THIEN & HEYENGA BEREEDERUNGS-","Thien & Heyenga Bereederungs-","1990",NA,NA
"1000",1991,"IHS","THIEN & HEYENGA BEREEDERUNGS-","Thien & Heyenga Bereederungs-",NA,NA,NA
"1001",2000,"IHS","THOME & CO PTE LTD","Thome & Co Pte Ltd",NA,NA,NA
"1002",2001,"IHS","TIANJIN-INCHON INTERNATIONAL","Tianjin-Inchon International",NA,NA,NA
"1003",1998,"IHS","TODA KISEN KK","Toda Kisen Kk",NA,NA,NA
"1004",2006,"IHS","TODA KISEN KK","Toda Kisen Kk",NA,"2006",NA
"1005",2000,"IHS","TOKAI SHIPPING CO LTD  (TOKAI","Tokai Shipping Co Ltd  (Tokai",NA,NA,NA
"1006",2006,"IHS","TOKAI SHIPPING CO LTD  (TOKAI","Tokai Shipping Co Ltd  (Tokai",NA,"2006",NA
"1007",1990,"IHS","TOKEI KAIUN KK","Tokei Kaiun Kk","1990",NA,NA
"1008",1991,"IHS","TOKEI KAIUN KK","Tokei Kaiun Kk",NA,NA,NA
"1009",1999,"IHS","TOKO UNYU KK","Toko Unyu Kk",NA,NA,NA
"1010",2006,"IHS","TOKO UNYU KK","Toko Unyu Kk",NA,"2006",NA
"1011",2002,"IHS","TONICHI SANGYO KK","Tonichi Sangyo Kk",NA,NA,NA
"1012",2006,"IHS","TOSHIN YUSOSEN CO LTD (TOSHIN","Toshin Yusosen Co Ltd (Toshin",NA,"2006",NA
"1013",1999,"IHS","TOSOH LOGISTICS CORP  (TOSOH B","Tosoh Logistics Corp  (Tosoh B",NA,NA,NA
"1014",2006,"IHS","TOSOH LOGISTICS CORP  (TOSOH B","Tosoh Logistics Corp  (Tosoh B",NA,"2006",NA
"1015",2005,"IHS","TOYO KAIUN KK","Toyo Kaiun Kk",NA,NA,NA
"1016",2006,"IHS","TOYO KAIUN KK","Toyo Kaiun Kk",NA,"2006",NA
"1017",1994,"IHS","TOYO SANGYO CO LTD (TOYO SANGY","Toyo Sangyo Co Ltd (Toyo Sangy",NA,NA,NA
"1018",2006,"IHS","TOYO SANGYO CO LTD (TOYO SANGY","Toyo Sangyo Co Ltd (Toyo Sangy",NA,"2006",NA
"1019",2005,"IHS","TRADEMAR PTE LTD","Trademar Pte Ltd",NA,NA,NA
"1020",2006,"IHS","TRADEMAR PTE LTD","Trademar Pte Ltd",NA,"2006",NA
"1021",1994,"IHS","TRAMP SL","Tramp Sl",NA,NA,NA
"1022",2006,"IHS","TRAMP SL","Tramp Sl",NA,"2006",NA
"1023",1999,"IHS","TRANSESTE SCHIFFAHRT GMBH","Transeste Schiffahrt Gmbh",NA,NA,"DIETRICH TAMKE KG"
"1024",1990,"IHS","TRANSINSULAR -TRANSPORTES MARI","Transinsular -Transportes Mari","1990",NA,NA
"1025",1991,"IHS","TRANSINSULAR -TRANSPORTES MARI","Transinsular -Transportes Mari",NA,NA,NA
"1026",1998,"IHS","TRANSMAN SHIPPING ENTERPRISES","Transman Shipping Enterprises",NA,NA,NA
"1027",2006,"IHS","TRANSMAN SHIPPING ENTERPRISES","Transman Shipping Enterprises",NA,"2006",NA
"1028",2006,"IHS","TRANSMARITIMA DEL CARIBE LTDA","Transmaritima Del Caribe Ltda",NA,"2006",NA
"1029",1992,"IHS","TRANSPORTES NAVIEROS ECUATORIA","Transportes Navieros Ecuatoria",NA,NA,NA
"1030",1994,"IHS","TSAKOS SHIPPING & TRADING SA","Tsakos Shipping & Trading Sa",NA,NA,NA
"1031",2006,"IHS","TSAKOS SHIPPING & TRADING SA","Tsakos Shipping & Trading Sa",NA,"2006",NA
"1032",2006,"IHS","TSINLIEN TRANSPORTATION CO LTD","Tsinlien Transportation Co Ltd",NA,"2006",NA
"1033",2006,"IHS","TUI AG","Tui Ag",NA,"2006","Hapag-Lloyd"
"1034",2000,"IHS","TYSON MARINE PTE LTD","Tyson Marine Pte Ltd",NA,NA,NA
"1035",1990,"IHS","UNICORN SHIPPING PTY LTD","Unicorn Shipping Pty Ltd","1990",NA,NA
"1036",1991,"IHS","UNICORN SHIPPING PTY LTD","Unicorn Shipping Pty Ltd",NA,NA,NA
"1037",1990,"IHS","UNIQUE SHIPPING (HK) LTD","Unique Shipping (Hk) Ltd","1990",NA,NA
"1038",1991,"IHS","UNIQUE SHIPPING (HK) LTD","Unique Shipping (Hk) Ltd",NA,NA,NA
"1039",1994,"IHS","UNITAS SCHIFFAHRTSGES MBH","Unitas Schiffahrtsges Mbh",NA,NA,NA
"1040",2006,"IHS","UNITAS SCHIFFAHRTSGES MBH","Unitas Schiffahrtsges Mbh",NA,"2006",NA
"1041",1990,"IHS","UNITED ARAB SHIPPING CO (UASC)","United Arab Shipping Co (Uasc)","1990","UASC","Hapag-Lloyd"
"1042",1991,"IHS","UNITED ARAB SHIPPING CO (UASC)","United Arab Shipping Co (Uasc)",NA,"UASC","Hapag-Lloyd"
"1043",2006,"IHS","UNITED MARINE CO SRL","United Marine Co Srl",NA,"2006",NA
"1044",1994,"IHS","UNITED THAI SHIPPING CORP LTD","United Thai Shipping Corp Ltd",NA,NA,"IMC Holdings Ltd"
"1045",2006,"IHS","UNITED THAI SHIPPING CORP LTD","United Thai Shipping Corp Ltd",NA,"2006","IMC Holdings Ltd"
"1046",1990,"IHS","UNIVAN SHIP MANAGEMENT LTD","Univan Ship Management Ltd","1990",NA,NA
"1047",1991,"IHS","UNIVAN SHIP MANAGEMENT LTD","Univan Ship Management Ltd",NA,NA,NA
"1048",2005,"IHS","US BANCORP","Us Bancorp",NA,NA,NA
"1049",2006,"IHS","US BANCORP","Us Bancorp",NA,"2006",NA
"1050",2002,"IHS","USUI KAIUN KK","Usui Kaiun Kk",NA,NA,NA
"1051",1990,"IHS","V SHIPS GROUP","V Ships Group","1990",NA,NA
"1052",1991,"IHS","V SHIPS GROUP","V Ships Group",NA,NA,NA
"1053",2000,"IHS","VAN YU TRADING CO LTD","Van Yu Trading Co Ltd",NA,NA,NA
"1054",2006,"IHS","VAN YU TRADING CO LTD","Van Yu Trading Co Ltd",NA,"2006",NA
"1055",2004,"IHS","VAPORES SUARDIAZ SA","Vapores Suardiaz Sa",NA,NA,NA
"1056",2003,"IHS","VEGA-REEDEREI FRIEDRICH DAUBER","Vega-Reederei Friedrich Dauber",NA,NA,NA
"1057",2006,"IHS","VEGA-REEDEREI FRIEDRICH DAUBER","Vega-Reederei Friedrich Dauber",NA,"2006",NA
"1058",1998,"IHS","VERMILION OVERSEAS MANAGEMENT","Vermilion Overseas Management",NA,NA,NA
"1059",2006,"IHS","VERMILION OVERSEAS MANAGEMENT","Vermilion Overseas Management",NA,"2006",NA
"1060",1990,"IHS","VERTOM SCHEEPVAART EN  HANDELS","Vertom Scheepvaart En  Handels","1990",NA,NA
"1061",1991,"IHS","VERTOM SCHEEPVAART EN  HANDELS","Vertom Scheepvaart En  Handels",NA,NA,NA
"1062",2005,"IHS","VIETNAM NATIONAL SHIPPING LINE","Vietnam National Shipping Line",NA,NA,NA
"1063",2006,"IHS","VIETNAM NATIONAL SHIPPING LINE","Vietnam National Shipping Line",NA,"2006",NA
"1064",1990,"IHS","VROON BV","Vroon Bv","1990",NA,NA
"1065",1991,"IHS","VROON BV","Vroon Bv",NA,NA,NA
"1066",2003,"IHS","W BOCKSTIEGEL REEDEREI GMBH &","W Bockstiegel Reederei Gmbh &",NA,NA,NA
"1067",2006,"IHS","W BOCKSTIEGEL REEDEREI GMBH &","W Bockstiegel Reederei Gmbh &",NA,"2006",NA
"1068",1994,"IHS","WAGENBORG SHIPPING BV","Wagenborg Shipping Bv",NA,NA,NA
"1069",2006,"IHS","WAGENBORG SHIPPING BV","Wagenborg Shipping Bv",NA,"2006",NA
"1070",1990,"IHS","WAH KWONG SHIPPING AGENCY CO L","Wah Kwong Shipping Agency Co L","1990",NA,NA
"1071",1991,"IHS","WAH KWONG SHIPPING AGENCY CO L","Wah Kwong Shipping Agency Co L",NA,NA,NA
"1072",1990,"IHS","WALLEM GROUP LTD","Wallem Group Ltd","1990",NA,NA
"1073",1991,"IHS","WALLEM GROUP LTD","Wallem Group Ltd",NA,NA,NA
"1074",1990,"IHS","WALTHER MOLLER & CO","Walther Moller & Co","1990",NA,NA
"1075",1991,"IHS","WALTHER MOLLER & CO","Walther Moller & Co",NA,NA,NA
"1076",1993,"IHS","WAN HAI LINES LTD","Wan Hai Lines Ltd","Wan Hai","Wan Hai",NA
"1077",2006,"IHS","WAN HAI LINES LTD","Wan Hai Lines Ltd","Wan Hai","Wan Hai",NA
"1078",1997,"IHS","WILFRIED RAMBOW KG","Wilfried Rambow Kg",NA,NA,NA
"1079",2006,"IHS","WILFRIED RAMBOW KG","Wilfried Rambow Kg",NA,"2006",NA
"1080",1990,"IHS","WILH WILHELMSEN ASA (WILSHIP)","Wilh Wilhelmsen Asa (Wilship)","1990",NA,NA
"1081",1991,"IHS","WILH WILHELMSEN ASA (WILSHIP)","Wilh Wilhelmsen Asa (Wilship)",NA,NA,NA
"1082",1996,"IHS","WILHELM TIETJEN BEFRACHTUNGSGE","Wilhelm Tietjen Befrachtungsge",NA,NA,NA
"1083",1990,"IHS","WILMINGTON TRUST CO, AS TRUSTE","Wilmington Trust Co, As Truste","1990",NA,NA
"1084",1991,"IHS","WILMINGTON TRUST CO, AS TRUSTE","Wilmington Trust Co, As Truste",NA,NA,NA
"1085",2003,"IHS","WINCO MARITIME LTD","Winco Maritime Ltd",NA,NA,NA
"1086",1990,"IHS","WING TAK SHIPPING AGENCY LTD","Wing Tak Shipping Agency Ltd","1990",NA,NA
"1087",1991,"IHS","WING TAK SHIPPING AGENCY LTD","Wing Tak Shipping Agency Ltd",NA,NA,NA
"1088",2006,"IHS","WINLAND SHIPPING CO LTD","Winland Shipping Co Ltd",NA,"2006",NA
"1089",2006,"IHS","WOODWARD GROUP OF COMPANIES","Woodward Group Of Companies",NA,"2006",NA
"1090",1999,"IHS","WORLD MARINE CO LTD","World Marine Co Ltd",NA,NA,NA
"1091",2006,"IHS","WORLD MARINE CO LTD","World Marine Co Ltd",NA,"2006",NA
"1092",2005,"IHS","XSM CROSS SHIP MANAGEMENT GMBH","Xsm Cross Ship Management Gmbh",NA,NA,NA
"1093",2006,"IHS","XSM CROSS SHIP MANAGEMENT GMBH","Xsm Cross Ship Management Gmbh",NA,"2006",NA
"1094",1994,"IHS","YAMAMOTO KAIUN KK","Yamamoto Kaiun Kk",NA,NA,NA
"1095",2006,"IHS","YAMAMOTO KAIUN KK","Yamamoto Kaiun Kk",NA,"2006",NA
"1096",1990,"IHS","YANGMING MARINE TRANSPORT CORP","Yangming Marine Transport Corp","1990","Yangming",NA
"1097",1991,"IHS","YANGMING MARINE TRANSPORT CORP","Yangming Marine Transport Corp",NA,"Yangming",NA
"1098",1990,"IHS","YANO KAIUN CO LTD","Yano Kaiun Co Ltd","1990",NA,NA
"1099",1991,"IHS","YANO KAIUN CO LTD","Yano Kaiun Co Ltd",NA,NA,NA
"1100",1999,"IHS","YARDIMCI SHIPPING GROUP","Yardimci Shipping Group",NA,NA,NA
"1101",2006,"IHS","YARDIMCI SHIPPING GROUP","Yardimci Shipping Group",NA,"2006",NA
"1102",2004,"IHS","YONG HAI AGENCIES","Yong Hai Agencies",NA,NA,NA
"1103",2006,"IHS","YONG HAI AGENCIES","Yong Hai Agencies",NA,"2006",NA
"1104",1990,"IHS","YONG LONG STEAMSHIP CO LTD","Yong Long Steamship Co Ltd","1990",NA,NA
"1105",1991,"IHS","YONG LONG STEAMSHIP CO LTD","Yong Long Steamship Co Ltd",NA,NA,NA
"1106",1994,"IHS","ZHEJIANG FUCHUEN SHIPPING &  E","Zhejiang Fuchuen Shipping &  E",NA,NA,NA
"1107",2006,"IHS","ZHEJIANG XINXIN SHIPPING CO LT","Zhejiang Xinxin Shipping Co Lt",NA,"2006",NA
"1108",1990,"IHS","ZIM INTEGRATED SHIPPING SERVIC","Zim Integrated Shipping Servic","1990","Zim",NA
"1109",1991,"IHS","ZIM INTEGRATED SHIPPING SERVIC","Zim Integrated Shipping Servic",NA,"Zim",NA
"1110",2001,"IHS","ZODIAC MARITIME AGENCIES LTD","Zodiac Maritime Agencies Ltd",NA,NA,NA
"1111",2006,"IHS","ZODIAC MARITIME AGENCIES LTD","Zodiac Maritime Agencies Ltd",NA,"2006",NA
"1112",1990,"IHS",NA,NA,"1990",NA,NA
"1113",1991,"IHS",NA,NA,NA,NA,NA
